timestamp,open,high,low,close,volume
1784534400,333.26,334.33,332.91,333.89,53734
1784535300,334.0,334.24,333.31,333.64,4640
1784536200,333.36,333.56,333.16,333.33,2906
1784537100,333.3,333.51,333.15,333.51,1397
1784538000,333.55,333.58,333.3,333.33,3680
1784538900,333.28,333.6,333.2,333.56,4910
1784539800,333.44,333.61,333.35,333.46,3278
1784540700,333.5,333.61,333.16,333.29,4311
1784541600,333.21,333.73,332.6,332.72,8784
1784542500,332.75,332.79,332.6,332.67,3910
1784543400,332.89,335.0,332.78,332.83,46574
1784544300,332.81,333.15,332.62,333.15,3841
1784545200,332.99,333.0,331.94,332.3,40025
1784546100,332.35,332.4,331.27,331.85,31419
1784547000,331.85,332.8,331.84,332.02,39778
1784547900,332.09,332.23,331.5,331.57,24444
1784548800,331.6,331.66,331.27,331.34,43931
1784549700,331.42,332.47,331.4,332.47,22936
1784550600,332.3,332.39,332.0,332.05,756279
1784551500,332.11,332.65,332.04,332.55,22537
1784552400,332.54,332.59,332.0,332.48,19776
1784553300,332.35,333.67,332.04,333.02,61876
1784554200,333.5,333.71,330.02,330.58,3342380
1784555100,330.64,330.87,328.4,328.9,2072495
1784556000,328.88,329.01,327.12,327.17,2056026
1784556900,327.16,327.42,326.11,327.02,2489941
1784557800,327.0,328.02,326.59,327.96,1562804
1784558700,327.96,327.96,326.02,326.43,1359117
1784559600,326.45,327.01,324.82,324.96,2006172
1784560500,324.96,325.35,324.42,324.9,2384781
1784561400,324.94,326.52,324.9,326.01,1241775
1784562300,326.01,326.55,325.13,325.98,1157151
1784563200,325.98,326.04,324.94,325.22,1152618
1784564100,325.22,325.67,324.87,325.0,1145232
1784565000,325.0,325.09,323.68,324.42,1739535
1784565900,324.4,324.85,324.0,324.25,830741
1784566800,324.26,325.16,323.91,324.8,891148
1784567700,324.79,324.97,324.4,324.72,665225
1784568600,324.73,325.07,324.2,324.35,1792680
1784569500,324.36,325.38,324.3,324.78,764530
1784570400,324.77,325.8,324.65,325.47,1149349
1784571300,325.46,326.49,325.4,325.98,1338282
1784572200,325.98,326.91,325.31,325.47,1576126
1784573100,325.47,327.37,325.45,326.75,1213736
1784574000,326.77,328.56,326.75,328.19,1478786
1784574900,328.18,329.09,327.77,329.02,1492750
1784575800,329.01,329.76,327.97,328.04,2067897
1784576700,328.05,328.33,326.0,326.7,3458912
1784577600,326.68,326.99,326.59,326.71,1196660
1784578500,326.7,327.17,326.41,327.1,22976
1784579400,326.88,327.17,326.59,326.9,78968
1784580300,326.89,327.09,326.71,326.95,13213
1784581200,326.85,327.2,326.85,326.89,3260
1784582100,326.9,326.97,326.85,326.85,4344
1784583000,326.6,326.86,326.6,326.65,67804
1784583900,326.83,326.83,326.65,326.8,2455
1784584800,326.65,326.66,325.82,326.06,20292
1784585700,326.0,326.44,325.82,325.95,6789
1784586600,325.81,325.95,325.46,325.6,8728
1784587500,325.65,325.65,325.27,325.32,8652
1784588400,325.32,325.78,325.3,325.53,13969
1784589300,325.73,326.44,325.73,326.3,6017
1784590200,326.52,326.59,326.13,326.48,4748
1784591100,326.5,326.58,325.78,326.0,21312
1784620800,326.3,326.98,324.56,325.0,63513
1784621700,325.0,325.07,324.62,324.69,6629
1784622600,324.83,325.12,324.13,324.69,29931
1784623500,324.42,324.97,324.42,324.6,7618
1784624400,324.51,324.77,324.5,324.75,8115
1784625300,324.67,325.16,324.67,325.0,8184
1784626200,324.86,325.14,324.78,324.98,1884
1784627100,324.89,325.25,324.83,325.02,8981
1784628000,325.04,325.44,324.95,325.31,7116
1784628900,325.48,325.48,324.95,325.0,3933
1784629800,324.95,325.22,324.84,325.22,3894
1784630700,324.94,325.1,324.9,324.98,3520
1784631600,324.98,325.2,324.65,324.8,24277
1784632500,324.81,325.19,324.8,325.19,15856
1784633400,325.21,325.4,325.09,325.3,10304
1784634300,325.25,325.45,324.97,324.97,18945
1784635200,325.0,327.41,324.9,324.92,18582
1784636100,324.9,325.24,324.5,324.83,25005
1784637000,324.73,325.4,324.51,325.0,33305
1784637900,325.07,325.29,324.95,325.19,15139
1784638800,325.1,325.47,324.9,325.46,18705
1784639700,325.45,325.66,322.0,323.2,180120
1784640600,323.13,325.61,322.38,324.82,3944695
1784641500,324.82,324.89,322.22,324.11,2122333
1784642400,324.12,326.16,323.97,326.07,1857743
1784643300,326.07,327.03,325.68,326.7,1241130
1784644200,326.71,327.35,326.23,327.3,937534
1784645100,327.29,327.46,326.71,327.09,789021
1784646000,327.1,327.98,326.1,327.45,1224937
1784646900,327.5,328.45,327.21,328.38,1052820
1784647800,328.38,328.7,327.75,328.48,971397
1784648700,328.46,328.98,327.98,328.77,786340
1784649600,328.76,329.6,328.56,329.57,800766
1784650500,329.56,329.6,328.56,328.62,958280
1784651400,328.62,328.83,327.57,327.95,884491
1784652300,327.95,328.5,327.42,328.43,994182
1784653200,328.44,328.76,327.71,328.22,991596
1784654100,328.22,328.49,327.0,327.07,974428
1784655000,327.07,327.31,326.72,326.9,1612349
1784655900,326.94,327.87,326.92,327.67,679824
1784656800,327.68,327.79,327.21,327.5,584425
1784657700,327.51,327.62,326.94,327.24,722406
1784658600,327.25,328.34,327.18,328.21,669050
1784659500,328.21,328.39,327.98,328.16,652868
1784660400,328.16,328.49,327.6,327.7,774063
1784661300,327.7,328.1,327.51,327.94,895398
1784662200,327.93,328.1,327.57,327.77,1045313
1784663100,327.75,328.1,326.43,327.59,2645226
1784664000,327.74,327.89,325.23,325.25,1203368
1784664900,325.21,327.74,325.13,325.5,272547
1784665800,325.7,327.74,325.43,325.5,19530
1784666700,325.5,325.56,325.2,325.3,18835
1784667600,325.25,325.4,325.2,325.25,13230
1784668500,325.25,325.4,325.09,325.12,9903
1784669400,325.11,325.43,325.08,325.4,10637
1784670300,325.35,325.48,325.23,325.32,7329
1784671200,325.32,325.42,325.1,325.14,10446
1784672100,325.13,325.4,324.75,324.83,16243
1784673000,324.62,324.8,324.31,324.45,17491
1784673900,324.4,324.7,324.3,324.42,8299
1784674800,324.55,324.7,324.3,324.56,6558
1784675700,324.5,324.6,324.29,324.35,8700
1784676600,324.38,324.74,324.21,324.23,10535
1784677500,324.24,324.58,324.15,324.5,13108
1784707200,326.34,327.72,325.92,326.5,90372
1784708100,326.79,326.9,326.36,326.9,7054
1784709000,326.89,327.2,326.71,327.2,3824
1784709900,327.2,327.72,327.01,327.72,8470
1784710800,327.39,327.7,327.11,327.12,5050
1784711700,327.13,327.38,326.63,326.8,7479
1784712600,326.81,327.49,326.81,327.08,2325
1784713500,327.08,327.47,326.81,327.05,8669
1784714400,327.05,327.1,326.7,326.82,4893
1784715300,326.79,327.25,326.76,327.0,3915
1784716200,326.98,327.32,326.86,327.0,5918
1784717100,327.0,327.49,326.98,327.11,4146
1784718000,327.05,327.22,326.58,327.1,15055
1784718900,327.1,327.42,326.88,327.2,16508
1784719800,327.0,327.55,327.0,327.35,17024
1784720700,327.32,327.39,327.0,327.29,15387
1784721600,327.49,327.95,327.3,327.8,17891
1784722500,327.72,327.94,327.6,327.66,14769
1784723400,327.7,328.12,327.32,327.64,30080
1784724300,327.6,327.68,327.17,327.52,11090
1784725200,327.51,327.83,327.41,327.53,19844
1784726100,327.6,327.86,326.89,327.86,31568
1784727000,327.87,329.0,325.69,326.2,2389467
1784727900,326.24,327.33,325.72,325.94,1299842
1784728800,325.96,326.15,324.91,324.98,1114609
1784729700,324.98,325.38,324.33,324.48,1396686
1784730600,324.5,325.0,324.07,324.83,1035776
1784731500,324.78,325.62,324.7,325.6,1075961
1784732400,325.6,325.67,324.12,324.32,818734
1784733300,324.3,325.81,324.21,325.8,770023
1784734200,325.76,325.89,325.2,325.37,1162032
1784735100,325.37,325.5,324.93,325.07,671550
1784736000,325.07,325.08,324.37,324.45,725035
1784736900,324.45,325.04,324.45,324.88,1323095
1784737800,324.88,324.95,323.81,324.53,931295
1784738700,324.53,324.64,324.07,324.23,634833
1784739600,324.21,324.26,323.59,323.96,882836
1784740500,323.95,324.13,323.34,323.67,546232
1784741400,323.67,324.0,323.56,323.9,446987
1784742300,323.89,323.96,323.7,323.94,341080
1784743200,323.94,324.02,323.61,323.88,495880
1784744100,323.88,324.0,323.71,323.93,364132
1784745000,323.93,324.5,323.81,324.43,650643
1784745900,324.43,324.7,324.18,324.3,629846
1784746800,324.3,324.5,324.16,324.43,596701
1784747700,324.44,324.57,324.26,324.44,655400
1784748600,324.44,324.6,323.98,324.45,1145019
1784749500,324.44,326.91,324.41,325.87,4324303
1784750400,325.9,326.7,325.65,326.0,1715082
1784751300,326.0,326.11,325.52,325.57,17996
1784752200,325.58,325.99,325.55,325.8,19739
1784753100,325.89,326.04,325.7,326.04,15363
1784754000,326.06,326.1,325.31,325.76,16494
1784754900,325.25,326.09,325.25,325.81,28202
1784755800,325.99,326.04,325.8,325.95,15223
1784756700,325.85,326.04,325.49,325.66,11875
1784757600,325.74,326.08,325.29,325.86,12726
1784758500,325.74,326.2,325.0,325.51,19959
1784759400,325.44,325.46,325.01,325.01,7052
1784760300,325.47,325.5,325.05,325.5,7631
1784761200,325.24,325.83,325.13,325.79,6794
1784762100,325.82,325.89,325.21,325.79,4212
1784763000,325.4,325.77,325.34,325.5,2339
1784763900,325.6,325.82,325.53,325.74,6094
1784793600,325.0,325.89,323.61,324.7,60159
1784794500,324.6,324.65,324.4,324.65,1092
1784795400,324.54,324.54,324.35,324.35,428
1784796300,324.41,324.41,324.3,324.3,1180
1784797200,324.25,324.44,323.6,324.02,6755
1784798100,324.0,324.33,323.9,324.33,1763
1784799000,324.15,324.36,324.15,324.26,2576
1784799900,324.27,324.27,324.06,324.06,3339
1784800800,324.26,324.26,323.75,323.98,2569
1784801700,323.91,323.99,323.75,323.81,2726
1784802600,323.88,324.26,323.88,324.03,1091
1784803500,324.03,324.25,323.99,324.24,2552
1784804400,324.03,324.25,323.2,323.5,33818
1784805300,323.3,324.25,323.18,324.0,25193
1784806200,323.91,323.91,323.0,323.07,28354
1784807100,323.09,323.4,322.4,323.09,52980
1784808000,323.0,325.08,322.69,323.67,38650
1784808900,323.88,323.99,323.59,323.8,101226
1784809800,323.87,324.58,323.63,323.84,37607
1784810700,323.92,324.13,323.13,323.34,75334
1784811600,323.4,324.17,323.37,323.89,44330
1784812500,324.06,324.25,320.31,321.62,201525
1784813400,321.73,323.3,320.8,320.84,2757370
1784814300,320.85,321.07,319.35,320.07,1947717
1784815200,320.15,321.93,319.8,320.79,1405035
1784816100,320.81,321.76,320.22,321.46,930169
1784817000,321.46,322.93,321.46,321.87,885443
1784817900,321.89,322.02,320.84,321.27,854728
1784818800,321.29,322.01,320.71,321.85,1187402
1784819700,321.82,322.29,321.17,321.28,1036394
1784820600,321.29,321.32,320.57,320.86,742797
1784821500,320.86,321.06,320.44,320.86,571000
1784822400,320.89,321.55,320.34,321.45,581052
1784823300,321.46,321.51,320.07,320.36,2896949
1784824200,320.33,320.56,320.0,320.56,677243
1784825100,320.54,320.86,320.25,320.61,613275
1784826000,320.62,321.01,320.34,320.63,537556
1784826900,320.63,321.05,320.3,320.87,412769
1784827800,320.87,321.05,320.36,320.65,524699
1784828700,320.64,321.4,320.38,320.51,565238
1784829600,320.51,320.65,320.0,320.14,927404
1784830500,320.14,320.44,320.03,320.26,533632
1784831400,320.27,320.49,319.76,320.0,1493208
1784832300,320.02,320.72,320.02,320.72,549229
1784833200,320.71,321.01,320.35,320.72,838702
1784834100,320.73,321.2,320.33,320.42,876694
1784835000,320.38,321.23,320.04,321.12,1041844
1784835900,321.11,321.98,320.45,321.57,3242636
1784836800,321.66,322.0,320.5,320.8,1488692
1784837700,320.5,321.21,320.5,320.9,11448
1784838600,320.9,321.66,320.9,321.0,28658
1784839500,320.9,320.98,320.51,320.56,922538
1784840400,320.64,320.92,320.5,320.85,6440
1784841300,320.86,321.2,320.86,321.01,7385
1784842200,321.03,321.09,320.69,320.95,2168
1784843100,321.0,321.06,320.88,320.9,2077
1784844000,320.97,321.2,320.77,321.2,4638
1784844900,321.16,321.41,321.11,321.25,1481
1784845800,321.29,321.66,321.23,321.54,8377
1784846700,321.61,321.65,321.47,321.63,5511
1784847600,321.61,321.65,321.26,321.31,3198
1784848500,321.33,321.5,321.31,321.31,2259
1784849400,321.3,321.3,321.04,321.11,3043
1784850300,321.11,321.42,321.11,321.39,2117
1784880000,321.07,322.06,319.83,322.05,69557
1784880900,322.0,322.82,322.0,322.58,7009
1784881800,322.5,322.6,322.0,322.04,4177
1784882700,322.11,322.11,322.01,322.01,544
1784883600,322.07,322.07,321.72,321.72,1793
1784884500,321.69,322.34,321.61,322.34,16272
1784885400,322.36,322.7,322.16,322.39,2516
1784886300,322.31,322.36,322.29,322.36,1681
1784887200,322.32,322.32,322.22,322.22,219
1784888100,322.15,322.26,321.93,321.93,989
1784889000,321.98,322.48,321.96,322.47,6035
1784889900,322.47,322.69,322.33,322.6,4941
1784890800,322.33,322.97,322.15,322.7,8425
1784891700,322.7,322.8,322.5,322.65,2522
1784892600,322.5,322.64,322.35,322.35,3386
1784893500,322.38,322.62,322.27,322.52,8163
1784894400,322.81,322.81,322.27,322.5,5109
1784895300,322.74,322.8,322.35,322.5,7778
1784896200,322.66,322.66,322.15,322.15,3268
1784897100,322.09,322.2,321.55,321.8,14587
1784898000,321.72,321.79,321.56,321.58,6139
1784898900,321.58,322.16,321.55,321.6,38416
1784899800,321.79,325.99,321.62,325.7,2431819
1784900700,325.61,327.76,325.5,326.86,2298174
1784901600,326.86,328.65,326.79,328.02,2040849
1784902500,328.03,329.44,327.8,328.8,1573682
1784903400,328.8,329.79,328.71,329.4,1495578
1784904300,329.4,330.23,329.18,329.96,1735483
1784905200,329.96,331.4,329.71,331.27,1546885
1784906100,331.28,331.93,331.02,331.76,1493716
1784907000,331.77,333.26,331.67,332.82,1862231
1784907900,332.81,333.64,332.72,333.05,1685551
1784908800,333.02,334.1,332.66,333.21,1768068
1784909700,333.22,334.37,332.96,333.72,1305602
1784910600,333.69,333.93,333.36,333.58,932697
1784911500,333.56,333.72,332.68,333.18,828925
1784912400,333.19,334.22,332.38,332.5,1184764
1784913300,332.53,332.77,332.15,332.4,900315
1784914200,332.41,333.19,332.36,332.92,813791
1784915100,332.92,333.1,332.63,332.65,571903
1784916000,332.64,333.17,332.43,332.44,626385
1784916900,332.44,332.75,332.13,332.26,768818
1784917800,332.26,332.62,332.06,332.23,1124866
1784918700,332.23,333.18,332.2,332.93,837975
1784919600,332.96,333.23,332.53,332.76,3243212
1784920500,332.75,333.1,332.46,332.49,1041697
1784921400,332.48,332.77,332.26,332.76,1280034
1784922300,332.75,333.45,331.85,333.07,3439653
1784923200,333.02,333.5,332.4,333.42,358647
1784924100,333.43,333.7,333.41,333.45,33964
1784925000,333.46,333.59,333.02,333.59,104574
1784925900,333.6,333.69,333.36,333.58,14089
1784926800,333.41,333.5,333.33,333.33,4179
1784927700,333.39,333.52,333.39,333.42,8388
1784928600,333.52,333.88,333.42,333.57,18451
1784929500,333.63,333.86,333.63,333.79,4964
1784930400,333.85,333.85,333.76,333.76,3596
1784931300,333.72,333.75,333.58,333.65,3089
1784932200,333.64,333.65,333.49,333.5,7976
1784933100,333.42,333.6,333.39,333.42,5465
1784934000,333.42,333.6,333.42,333.49,5396
1784934900,333.52,333.64,333.46,333.63,3584
1784935800,333.59,333.64,333.51,333.55,8225
1784936700,333.55,333.84,333.52,333.8,10625
1785139200,334.3,335.97,333.51,334.54,105733
1785140100,334.4,334.59,334.0,334.31,6161
1785141000,334.22,334.5,333.9,334.14,10783
1785141900,334.0,334.0,333.6,333.83,8589
1785142800,333.78,334.01,333.78,334.0,2799
1785143700,333.99,334.0,333.51,333.6,10107
1785144600,333.95,333.95,333.26,333.54,11636
1785145500,333.67,333.7,333.5,333.5,4713
1785146400,333.31,333.5,333.2,333.5,5795
1785147300,333.51,333.7,333.3,333.64,3936
1785148200,333.67,333.71,333.34,333.55,13240
1785149100,333.5,333.7,333.42,333.69,7104
1785150000,333.7,334.44,333.6,333.95,67446
1785150900,333.71,334.36,333.56,333.56,33465
1785151800,333.56,333.95,332.75,333.63,56936
1785152700,333.6,334.3,333.6,334.18,18290
1785153600,334.3,334.76,332.19,334.3,21967
1785154500,334.5,334.6,334.2,334.23,25626
1785155400,334.28,334.3,333.84,333.85,43529
1785156300,333.88,334.1,333.82,333.96,19506
1785157200,333.99,334.4,333.94,334.1,53091
1785158100,334.08,335.05,333.41,334.92,170820
1785159000,334.54,337.12,334.1,335.03,3670495
1785159900,335.02,336.78,334.02,335.58,2244398
1785160800,335.62,336.9,335.25,336.6,2080332
1785161700,336.6,338.14,336.57,337.69,2528916
1785162600,337.7,337.91,336.23,336.32,2656345
1785163500,336.32,338.34,336.11,338.2,1958512
1785164400,338.25,339.5,338.18,339.05,2060908
1785165300,339.05,339.21,338.26,338.74,1086888
1785166200,338.73,339.57,337.08,338.26,2982864
1785167100,338.29,338.56,336.75,337.06,1993047
1785168000,337.04,337.53,336.95,337.31,767565
1785168900,337.32,338.01,337.19,337.48,810209
1785169800,337.46,338.13,336.55,336.74,777101
1785170700,336.74,336.8,336.02,336.66,911325
1785171600,336.68,336.79,335.91,336.34,855653
1785172500,336.33,336.75,335.67,336.05,771284
1785173400,336.07,336.8,336.0,336.26,588348
1785174300,336.29,336.3,335.29,335.52,1095550
1785175200,335.54,335.88,335.05,335.63,784059
1785176100,335.63,336.0,335.08,335.16,672650
1785177000,335.15,335.2,334.7,335.04,942465
1785177900,335.04,336.24,335.0,335.85,660274
1785178800,335.85,335.85,335.25,335.6,659795
1785179700,335.58,335.95,335.52,335.72,1221968
1785180600,335.72,336.44,335.65,336.23,1001256
1785181500,336.24,337.23,335.72,336.92,2615420
1785182400,336.91,337.19,336.89,336.95,767244
1785183300,336.99,337.0,336.54,336.56,12126
1785184200,336.91,336.99,336.65,336.99,199194
1785185100,336.95,336.98,336.4,336.52,22124
1785186000,336.51,336.91,336.3,336.47,27746
1785186900,336.5,336.52,336.4,336.4,3557
1785187800,336.46,336.52,336.37,336.5,6248
1785188700,336.52,336.9,336.46,336.78,5333
1785189600,336.79,337.0,336.7,336.71,8280
1785190500,336.8,336.94,336.68,336.68,1552
1785191400,336.71,336.72,336.41,336.41,5025
1785192300,336.44,336.7,336.4,336.68,2404
1785193200,336.5,337.0,336.5,336.86,8175
1785194100,336.74,337.0,336.74,336.97,12862
1785195000,336.92,336.98,336.75,336.92,3230
1785195900,336.9,337.47,336.85,337.31,13209
1785225600,337.12,338.43,337.05,337.8,68179
1785226500,338.0,338.4,337.93,338.2,3804
1785227400,338.38,338.39,338.2,338.25,8305
1785228300,338.18,338.5,338.09,338.36,7954
1785229200,338.6,338.78,338.07,338.33,16212
1785230100,338.15,338.5,338.15,338.48,6551
1785231000,338.49,339.0,338.36,338.9,8715
1785231900,338.88,339.4,338.53,338.77,10438
1785232800,338.91,339.0,338.71,338.93,7834
1785233700,338.93,339.0,338.8,338.98,13822
1785234600,339.0,339.0,338.76,339.0,18687
1785235500,338.96,339.0,338.53,338.7,11785
1785236400,338.58,339.0,338.45,338.91,39898
1785237300,338.95,339.0,338.59,338.59,47389
1785238200,338.74,338.74,338.27,338.43,30512
1785239100,338.35,338.69,338.12,338.56,14984
1785240000,338.52,338.63,338.18,338.38,32656
1785240900,338.38,339.0,338.21,339.0,45520
1785241800,339.0,339.45,338.4,339.31,45882
1785242700,339.33,339.48,338.95,339.11,38844
1785243600,339.07,339.86,338.12,339.39,113710
1785244500,339.36,340.46,338.07,340.14,215252
1785245400,340.03,342.89,337.71,338.43,6080416
1785246300,338.42,339.61,337.15,337.5,2848614
1785247200,337.59,338.12,335.6,336.91,2014145
1785248100,336.97,338.28,336.95,337.96,1795006
1785249000,337.98,338.79,337.21,338.17,1573058
1785249900,338.17,338.39,336.92,337.06,1444386
1785250800,337.04,339.48,336.6,339.09,1595735
1785251700,339.09,339.67,338.61,339.27,1184247
1785252600,339.24,339.9,339.0,339.67,1470566
1785253500,339.69,339.88,339.03,339.66,738150
1785254400,339.66,339.99,339.46,339.82,779384
1785255300,339.82,340.14,339.51,339.81,1055175
1785256200,339.83,340.58,339.39,339.45,1006975
1785257100,339.47,339.98,338.94,339.77,861463
1785258000,339.79,339.89,339.02,339.1,650162
1785258900,339.1,339.51,338.93,339.03,587625
1785259800,339.02,339.79,339.0,339.52,699977
1785260700,339.5,340.02,339.46,339.75,784180
1785261600,339.75,339.84,339.41,339.56,948918
1785262500,339.57,340.16,339.43,339.85,790232
1785263400,339.86,339.89,338.27,338.4,985411
1785264300,338.41,339.56,338.41,339.35,824529
1785265200,339.35,339.68,339.16,339.17,885077
1785266100,339.16,339.52,339.03,339.2,894710
1785267000,339.19,340.15,339.1,340.02,2392767
1785267900,340.01,340.54,338.07,340.2,4022020
1785268800,340.21,340.46,339.91,340.25,1374392
1785269700,340.31,340.33,340.08,340.1,16818
1785270600,340.1,340.22,339.7,339.86,34050
1785271500,339.84,339.9,339.69,339.87,8277
1785272400,339.82,340.0,339.8,339.9,5383
1785273300,339.9,339.95,339.8,339.81,4118
1785274200,339.87,339.95,339.87,339.95,4065
1785275100,339.95,340.0,339.87,339.87,6069
1785276000,339.98,340.03,339.81,339.81,8703
1785276900,339.65,339.85,339.5,339.82,7105
1785277800,339.64,339.79,339.32,339.32,6125
1785278700,339.25,340.52,339.23,340.5,38514
1785279600,340.48,340.6,339.87,340.57,19733
1785280500,340.43,340.78,340.17,340.5,21327
1785281400,340.4,340.87,340.15,340.87,19074
1785282300,340.85,341.58,340.6,341.25,45657
1785312000,341.25,344.51,340.0,341.7,194515
1785312900,341.59,341.7,341.27,341.39,5193
1785313800,341.45,341.7,341.4,341.5,3573
1785314700,341.49,341.5,341.25,341.44,3693
1785315600,341.5,341.5,340.3,340.32,17760
1785316500,340.39,340.78,340.3,340.7,3973
1785317400,340.7,340.7,339.49,339.5,13149
1785318300,339.47,339.68,338.69,339.23,18357
1785319200,339.57,339.81,339.0,339.4,9006
1785320100,339.67,339.84,339.54,339.75,8029
1785321000,339.75,340.38,339.75,340.38,10376
1785321900,340.41,341.22,340.4,341.01,13342
1785322800,341.11,341.48,340.52,340.72,45904
1785323700,340.75,340.95,340.52,340.9,10434
1785324600,340.86,341.14,340.65,341.14,12310
1785325500,340.95,341.11,340.75,340.75,11447
1785326400,340.79,340.84,340.2,340.31,20845
1785327300,340.3,340.39,339.5,339.54,36657
1785328200,339.58,339.75,338.0,339.3,151019
1785329100,339.3,339.46,338.66,339.0,34943
1785330000,338.99,339.1,338.5,339.1,25556
1785330900,339.1,339.89,338.5,339.64,64433
1785331800,339.73,342.23,339.56,341.56,3545010
1785332700,341.55,343.67,341.53,342.87,2852355
1785333600,342.82,343.48,341.72,341.82,2247470
1785334500,341.82,342.09,340.71,341.16,1524574
1785335400,341.17,341.74,340.91,341.59,1194310
1785336300,341.57,341.7,340.12,340.39,1386967
1785337200,340.4,340.58,339.52,339.98,1465175
1785338100,339.97,340.33,339.65,339.81,844209
1785339000,339.83,340.68,339.76,340.09,1062047
1785339900,340.09,341.23,340.06,341.06,1001140
1785340800,341.09,341.15,340.63,340.83,652633
1785341700,340.8,341.57,340.68,341.27,830620
1785342600,341.25,341.41,340.05,340.54,631674
1785343500,340.56,341.31,340.3,341.31,603743
1785344400,341.33,342.32,341.12,342.32,1109324
1785345300,342.32,343.45,342.12,342.72,1468490
1785346200,342.69,343.4,342.35,343.05,964151
1785347100,343.06,343.34,342.66,343.21,884960
1785348000,343.19,344.57,343.04,343.7,2213624
1785348900,343.69,344.03,343.17,343.59,1061914
1785349800,343.59,343.94,342.97,343.69,1237055
1785350700,343.69,343.89,342.74,342.9,1051728
1785351600,342.9,343.0,341.91,342.42,1344822
1785352500,342.39,342.87,341.33,341.53,1179046
1785353400,341.55,341.56,339.32,339.58,1704976
1785354300,339.58,340.33,337.35,338.05,6940743
1785355200,338.2,338.44,337.12,338.07,2455678
1785356100,338.04,338.51,337.88,338.51,48337
1785357000,338.35,339.38,338.01,338.47,50390
1785357900,338.53,339.06,338.1,339.0,54273
1785358800,339.0,340.0,338.19,339.92,244903
1785359700,339.87,340.16,339.13,339.3,60653
1785360600,339.3,339.37,339.0,339.0,33395
1785361500,339.04,339.55,339.04,339.48,25561
1785362400,339.48,340.8,339.01,339.69,41121
1785363300,339.6,339.85,338.87,338.92,39191
1785364200,338.9,339.4,338.9,339.1,16517
1785365100,339.08,339.6,339.0,339.4,12301
1785366000,339.2,340.2,339.06,339.49,24037
1785366900,339.77,340.18,339.35,340.09,21453
1785367800,340.2,340.2,339.5,339.71,20505
1785368700,339.99,340.4,339.89,340.15,23238
1785398400,338.4,339.49,337.52,339.35,82370
1785399300,339.48,339.48,339.03,339.05,4825
1785400200,339.04,339.04,338.75,338.8,3183
1785401100,338.8,338.92,338.67,338.75,4259
1785402000,338.68,338.75,338.52,338.75,5564
1785402900,338.84,339.15,338.84,338.86,1951
1785403800,338.78,338.91,338.62,338.74,1537
1785404700,338.63,338.7,338.33,338.33,4815
1785405600,338.34,338.34,337.9,338.0,12905
1785406500,337.94,338.0,336.63,336.91,23378
1785407400,336.66,337.2,335.44,336.91,29422
1785408300,336.98,337.26,336.21,336.99,16988
1785409200,336.82,337.0,335.75,336.64,69908
1785410100,336.41,336.76,336.01,336.01,35078
1785411000,336.01,336.7,336.0,336.05,25442
1785411900,336.0,336.42,336.0,336.3,252759
1785412800,336.2,337.0,335.88,336.01,73886
1785413700,336.1,336.42,335.75,335.75,57319
1785414600,335.75,336.35,334.75,335.2,116133
1785415500,335.25,335.48,334.81,335.13,82193
1785416400,335.13,335.95,334.81,335.7,86974
1785417300,335.9,336.6,332.5,333.1,302550
1785418200,333.1,334.48,330.71,332.18,4935767
1785419100,332.18,333.18,331.23,332.15,2931228
1785420000,332.08,332.87,330.35,331.38,2656953
1785420900,331.4,332.3,331.11,331.31,1720652
1785421800,331.31,332.24,329.59,332.08,2452056
1785422700,332.07,332.64,331.5,332.33,1475665
1785423600,332.34,333.03,331.34,331.5,1646000
1785424500,331.49,332.07,331.02,331.24,1194603
1785425400,331.24,332.35,331.15,332.14,2318402
1785426300,332.15,332.42,331.34,331.76,1086285
1785427200,331.75,331.75,330.63,331.21,1375294
1785428100,331.2,332.6,331.1,332.09,1281911
1785429000,332.09,332.25,331.4,332.12,1138039
1785429900,332.12,332.37,331.56,331.61,1154996
1785430800,331.61,332.85,331.61,332.71,855379
1785431700,332.72,332.77,331.99,332.09,878482
1785432600,332.08,332.78,331.72,332.65,763814
1785433500,332.64,333.32,332.46,333.3,788544
1785434400,333.31,333.98,333.01,333.27,1144731
1785435300,333.28,333.75,332.73,333.1,939646
1785436200,333.12,333.76,332.9,333.53,854720
1785437100,333.54,334.09,333.42,333.75,967982
1785438000,333.74,334.02,333.41,333.65,1262477
1785438900,333.66,333.95,333.13,333.18,1680709
1785439800,333.16,333.58,332.8,333.0,2016765
1785440700,333.01,334.75,332.28,333.86,4020047
1785441600,333.87,335.65,333.31,334.42,3608755
1785442500,334.42,335.77,334.1,335.42,286984
1785443400,335.49,339.14,318.93,320.2,3404247
1785444300,320.27,321.16,317.55,318.18,2069561
1785445200,318.12,333.43,316.75,319.11,837053
1785446100,319.28,320.74,305.75,308.03,2010611
1785447000,308.09,311.0,305.06,309.9,1861097
1785447900,309.95,312.12,307.87,311.15,825833
1785448800,311.09,312.5,310.67,311.4,421073
1785449700,311.4,312.2,310.88,311.75,313211
1785450600,311.75,313.84,311.75,313.81,285214
1785451500,313.82,313.85,312.51,313.25,188066
1785452400,313.27,314.0,313.14,313.9,132763
1785453300,313.97,315.06,313.31,314.6,172038
1785454200,314.54,314.78,312.1,312.6,192263
1785455100,312.6,313.5,312.3,312.33,123213
1785484800,312.35,314.12,308.6,309.66,458445
1785485700,309.74,310.22,308.11,308.4,80633
1785486600,308.59,310.53,308.41,310.4,49548
1785487500,310.31,310.6,309.05,309.53,55718
1785488400,309.54,310.47,308.8,310.39,84253
1785489300,310.0,310.37,309.41,309.5,51617
1785490200,309.5,309.89,308.69,309.75,45986
1785491100,309.85,309.9,308.69,309.0,52372
1785492000,309.0,309.72,308.68,309.18,54817
1785492900,309.08,309.88,308.86,309.01,45486
1785493800,309.21,309.9,308.15,308.99,102622
1785494700,309.16,309.16,307.36,308.36,133328
1785495600,308.54,309.28,306.88,307.35,345580
1785496500,307.2,307.8,306.33,307.5,213753
1785497400,307.49,308.25,306.52,307.7,160609
1785498300,307.77,308.52,307.59,308.01,265762
1785499200,308.0,308.5,307.04,307.27,511938
1785500100,307.15,308.29,307.09,308.0,284011
1785501000,308.0,308.09,306.5,307.22,544682
1785501900,307.22,308.73,306.56,308.34,411077
1785502800,308.29,308.38,306.8,307.0,280664
1785503700,307.0,307.64,303.45,304.7,1614406
1785504600,304.81,306.9,300.32,304.79,20337647
1785505500,304.78,306.45,302.52,302.79,7292808
1785506400,302.79,303.32,301.35,302.14,5602915
1785507300,302.14,303.57,301.65,302.74,3131530
1785508200,302.75,303.0,301.7,302.44,2406491
1785509100,302.42,303.2,301.95,303.16,2628901
1785510000,303.16,303.24,302.32,303.0,2710478
1785510900,303.0,304.25,301.64,301.73,3151082
1785511800,301.73,302.82,301.44,301.95,3053202
1785512700,301.95,302.36,300.38,301.3,3049100
1785513600,301.29,302.14,300.9,302.12,1560911
1785514500,302.11,302.34,300.47,300.54,2193971
1785515400,300.56,301.01,300.0,300.37,2821799
1785516300,300.36,301.55,300.24,300.86,1880971
1785517200,300.86,301.83,300.86,301.52,1624626
1785518100,301.51,301.82,301.04,301.2,1486375
1785519000,301.2,301.72,301.1,301.31,1313461
1785519900,301.31,301.43,300.5,300.64,4591567
1785520800,300.64,302.1,300.6,302.0,2192785
1785521700,302.0,302.42,301.61,301.73,1477920
1785522600,301.76,302.35,301.75,302.32,1662692
1785523500,302.31,303.0,302.04,302.83,2079595
1785524400,302.83,304.87,302.78,304.58,3455679
1785525300,304.58,305.71,304.53,305.65,4653765
1785526200,305.65,306.62,305.02,306.54,4815113
1785527100,306.54,310.69,306.13,309.03,15827822
1785528000,309.22,310.19,308.28,309.14,2762159
1785528900,309.14,309.19,308.62,308.66,114270
1785529800,308.66,308.91,308.05,308.06,183082
1785530700,308.06,308.18,306.69,306.69,114353
1785531600,306.91,307.2,306.52,306.9,100337
1785532500,306.88,307.08,306.26,306.41,73198
1785533400,306.41,306.54,306.3,306.45,59369
1785534300,306.48,306.6,306.45,306.5,29595
1785535200,306.51,307.14,306.51,307.05,23714
1785536100,307.08,307.1,306.75,306.89,21627
1785537000,306.91,307.35,306.91,307.06,41282
1785537900,307.1,307.35,307.0,307.29,13540
1785538800,307.27,307.7,307.2,307.64,18545
1785539700,307.6,307.8,307.31,307.73,17221
1785540600,307.72,307.8,307.51,307.71,20900
1785541500,307.75,307.75,307.18,307.36,30367
1785744000,309.0,309.11,307.65,307.66,118488
1785744900,307.7,308.0,307.39,307.76,32367
1785745800,307.97,308.01,307.67,307.84,13265
1785746700,307.8,308.0,307.8,307.9,6806
1785747600,307.96,308.01,307.91,308.0,8952
1785748500,307.95,308.02,307.9,307.92,11504
1785749400,307.93,308.03,307.86,307.86,14464
1785750300,307.86,308.48,307.83,308.35,13111
1785751200,308.38,309.81,308.34,309.5,45082
1785752100,309.5,310.24,309.04,309.85,53353
1785753000,309.87,310.61,309.79,310.42,69035
1785753900,310.42,310.59,309.49,309.67,62240
1785754800,309.7,310.24,309.65,309.96,92756
1785755700,309.96,310.94,309.85,310.79,111381
1785756600,310.8,311.61,310.8,311.6,120053
1785757500,311.62,311.99,311.1,311.7,151640
1785758400,311.7,312.75,311.26,311.32,147619
1785759300,311.32,311.63,310.99,311.5,86971
1785760200,311.43,311.61,310.6,310.8,83385
1785761100,310.7,311.15,310.51,310.6,83283
1785762000,310.6,310.89,310.07,310.35,99208
1785762900,310.48,310.8,308.83,309.73,172725
1785763800,309.58,311.8,305.17,306.13,5759557
1785764700,306.13,308.31,305.55,305.92,2887018
1785765600,305.91,306.67,304.34,306.51,3141614
1785766500,306.5,307.22,305.51,305.56,1773813
1785767400,305.55,306.18,305.25,305.75,1967862
1785768300,305.75,306.44,305.02,305.35,2224162
1785769200,305.35,305.67,304.6,305.16,2548799
1785770100,305.15,305.8,303.9,304.21,2771487
1785771000,304.21,304.39,303.11,303.16,2111143
1785771900,303.17,303.79,302.56,303.77,1694740
1785772800,303.77,305.04,303.73,304.04,2184424
1785773700,304.05,306.36,304.04,306.36,2027339
1785774600,306.35,307.18,306.05,306.66,2191878
1785775500,306.67,306.77,305.9,306.61,1459788
1785776400,306.61,307.07,306.37,306.7,1481214
1785777300,306.7,307.54,306.67,307.23,1766129
1785778200,307.23,307.23,306.19,306.79,1144097
1785779100,306.78,306.79,305.53,306.07,1278445
1785780000,306.07,306.44,305.83,305.99,1333198
1785780900,305.99,306.39,305.5,305.52,991210
1785781800,305.53,305.85,305.02,305.08,1344354
1785782700,305.08,305.57,304.9,305.21,1323478
1785783600,305.21,305.97,305.14,305.9,1376795
1785784500,305.9,305.95,304.8,305.05,1584296
1785785400,305.05,305.08,304.45,304.82,1758180
1785786300,304.82,304.98,302.68,303.27,8427590
1785787200,303.27,303.57,303.02,303.57,2210444
1785788100,303.57,303.72,303.42,303.46,1615553
1785789000,303.46,303.54,303.3,303.48,89785
1785789900,303.48,303.58,303.42,303.5,40763
1785790800,303.5,303.7,303.5,303.65,37199
1785791700,303.7,303.85,303.68,303.84,29848
1785792600,303.85,303.93,303.7,303.71,43185
1785793500,303.7,303.82,303.7,303.81,23971
1785794400,303.82,303.83,303.5,303.51,26824
1785795300,303.51,303.65,303.5,303.6,23996
1785796200,303.61,303.75,303.61,303.65,23811
1785797100,303.7,303.77,303.54,303.77,27522
1785798000,303.75,303.79,303.66,303.74,27864
1785798900,303.75,303.88,303.75,303.87,28477
1785799800,303.85,303.88,303.6,303.6,41262
1785800700,303.63,303.68,303.5,303.54,47023
1785830400,304.1,304.8,303.3,303.55,194876
1785831300,303.55,303.8,303.3,303.36,21316
1785832200,303.32,303.58,303.25,303.4,15557
1785833100,303.4,303.6,303.4,303.49,7137
1785834000,303.6,303.69,303.37,303.69,9863
1785834900,303.66,303.95,303.65,303.94,11139
1785835800,303.94,303.96,303.8,303.93,9586
1785836700,303.91,304.19,303.9,304.1,18157
1785837600,304.12,304.59,304.05,304.1,18537
1785838500,304.07,304.1,303.4,303.56,26826
1785839400,303.53,303.8,303.0,303.27,35628
1785840300,303.2,303.24,302.45,302.85,37521
1785841200,302.88,303.0,302.05,302.25,118678
1785842100,302.34,302.97,302.11,302.81,72192
1785843000,302.8,303.3,302.5,302.99,53741
1785843900,303.0,303.12,302.35,302.5,80991
1785844800,302.53,303.03,302.5,302.59,67940
1785845700,302.64,302.79,302.41,302.77,48211
1785846600,302.75,303.0,302.69,302.88,41153
1785847500,302.9,303.0,302.5,302.57,66623
1785848400,302.65,302.86,302.19,302.42,86821
1785849300,302.38,303.84,302.25,302.76,150816
1785850200,302.73,304.49,301.32,303.81,5888231
1785851100,303.8,305.4,303.68,305.3,3061340
1785852000,305.29,305.87,304.41,305.75,2116708
1785852900,305.76,307.14,305.7,306.81,2587726
1785853800,306.86,306.9,305.23,305.48,1758591
1785854700,305.48,306.51,305.4,306.24,1547527
1785855600,306.25,306.5,305.84,306.24,1263221
1785856500,306.26,306.57,305.6,305.67,1186354
1785857400,305.67,306.73,305.49,306.26,1046662
1785858300,306.26,306.67,306.09,306.35,1191088
1785859200,306.34,306.45,305.67,306.35,1086455
1785860100,306.35,306.72,305.82,306.5,950974
1785861000,306.5,307.84,306.34,307.76,1353052
1785861900,307.74,308.6,307.42,308.25,1736590
1785862800,308.23,310.42,308.2,310.12,2093168
1785863700,310.13,310.25,308.86,308.9,1387109
1785864600,308.9,309.61,308.66,309.58,1124146
1785865500,309.57,310.13,309.33,309.36,1258038
1785866400,309.34,310.1,309.25,310.03,1707533
1785867300,310.02,310.12,309.2,309.32,965817
1785868200,309.31,309.5,308.64,308.8,868373
1785869100,308.82,309.29,308.47,308.52,1002455
1785870000,308.52,308.88,308.25,308.72,1312422
1785870900,308.73,309.8,308.57,309.58,1502056
1785871800,309.58,310.29,309.51,310.27,1598293
1785872700,310.26,310.42,308.88,309.38,4113650
1785873600,309.4,309.95,308.63,309.38,3150380
1785874500,309.34,310.82,309.3,310.2,144206
1785875400,310.25,311.09,309.38,310.58,445382
1785876300,310.58,311.66,310.5,311.1,364181
1785877200,311.1,311.13,310.21,310.55,41409
1785878100,310.45,310.9,310.45,310.75,17605
1785879000,310.75,310.75,310.17,310.17,17983
1785879900,310.21,310.26,310.12,310.12,10363
1785880800,310.05,310.72,310.05,310.68,16933
1785881700,310.44,310.67,310.4,310.45,9968
1785882600,310.4,310.65,310.4,310.5,10956
1785883500,310.51,310.54,310.27,310.53,8231
1785884400,310.37,310.85,310.37,310.67,14269
1785885300,310.81,310.96,310.42,310.42,11917
1785886200,310.54,310.55,310.05,310.4,19734
1785887100,310.45,310.7,310.05,310.57,12735
1785916800,312.0,312.0,310.5,310.71,96175
1785917700,310.7,311.8,310.7,311.58,21715
1785918600,311.69,313.38,311.61,312.88,47360
1785919500,312.75,312.8,311.81,311.84,21408
1785920400,311.81,312.5,311.76,312.15,9534
1785921300,312.2,313.58,312.05,312.82,35247
1785922200,312.94,312.94,312.0,312.09,18341
1785923100,312.11,312.48,311.75,311.75,14976
1785924000,311.82,312.24,311.61,312.18,14278
1785924900,312.08,312.15,311.35,311.37,16987
1785925800,311.37,311.7,311.3,311.35,9664
1785926700,311.4,312.05,311.31,311.39,18518
1785927600,311.32,311.85,310.03,310.52,69169
1785928500,310.56,310.78,310.34,310.39,16871
1785929400,310.45,310.75,307.46,307.46,127621
1785930300,307.12,308.55,305.11,307.73,233358
1785931200,307.84,310.15,306.6,308.2,119452
1785932100,308.29,308.8,308.15,308.4,36817
1785933000,308.4,309.0,308.18,308.92,64694
1785933900,308.8,309.01,307.73,308.3,67478
1785934800,308.45,310.45,308.3,310.3,105282
1785935700,310.31,310.85,308.55,309.18,136001
1785936600,309.36,309.38,305.67,308.16,4342839
1785937500,308.17,308.24,306.88,308.0,1844944
1785938400,307.98,308.5,307.35,308.42,1477147
1785939300,308.4,309.05,306.72,306.73,1572201
1785940200,306.7,308.88,306.27,308.85,1759327
1785941100,308.85,311.36,308.83,311.32,2347107
1785942000,311.34,311.71,310.52,310.52,1724190
1785942900,310.51,310.61,308.42,308.6,1582661
1785943800,308.6,309.0,308.14,308.26,950583
1785944700,308.26,308.52,307.8,307.97,1127757
1785945600,307.97,309.45,307.97,309.1,1236924
1785946500,309.1,309.33,308.6,308.64,615360
1785947400,308.63,309.34,308.45,309.29,804106
1785948300,309.29,309.34,308.75,308.83,568773
1785949200,308.83,309.77,308.82,309.72,639554
1785950100,309.71,309.98,309.58,309.74,585933
1785951000,309.75,310.22,309.42,309.62,738762
1785951900,309.62,309.62,308.74,308.92,607734
1785952800,308.92,308.96,308.32,308.51,614230
1785953700,308.52,308.67,308.08,308.19,695932
1785954600,308.21,308.74,308.08,308.62,1433374
1785955500,308.62,309.12,308.49,308.96,603801
1785956400,308.95,309.14,308.7,308.9,1056415
1785957300,308.92,309.88,308.92,309.62,955970
1785958200,309.61,310.06,309.39,309.92,1218636
1785959100,309.92,311.56,309.81,310.92,4908497
1785960000,311.0,312.18,310.5,312.08,722009
1785960900,312.08,312.72,311.0,311.6,197164
1785961800,311.61,311.85,311.0,311.65,55575
1785962700,311.75,312.0,311.45,311.52,42848
1785963600,311.45,311.75,311.41,311.41,24543
1785964500,311.33,312.0,311.23,311.94,21633
1785965400,311.95,312.15,311.68,312.0,1644026
1785966300,312.0,312.16,311.88,312.09,11444
1785967200,312.14,312.85,312.12,312.5,41404
1785968100,312.5,312.84,312.48,312.66,27985
1785969000,312.69,313.43,312.67,312.98,35952
1785969900,312.93,313.26,312.56,312.69,25236
1785970800,312.6,312.8,312.48,312.58,12167
1785971700,312.55,313.03,312.5,312.89,18947
1785972600,312.9,312.9,312.2,312.58,21948
1785973500,312.5,312.6,312.21,312.5,8713
1786003200,313.87,314.2,312.47,314.15,123617
1786004100,314.17,314.54,314.03,314.54,21031
1786005000,314.52,314.52,313.88,314.02,25848
1786005900,313.91,314.19,313.7,313.88,16807
1786006800,313.88,314.2,313.39,314.16,19213
1786007700,314.18,314.39,314.06,314.15,11108
1786008600,314.16,314.25,314.04,314.25,7022
1786009500,314.23,314.38,313.9,313.93,11552
1786010400,314.0,314.09,313.87,313.92,11039
1786011300,313.99,314.0,313.7,313.82,7676
1786012200,313.85,313.99,313.65,313.79,4878
1786013100,313.73,313.85,313.57,313.77,8947
1786014000,313.83,314.77,313.72,314.62,56503
1786014900,314.62,314.7,314.14,314.3,28578
1786015800,314.3,314.4,313.7,313.84,34784
1786016700,313.85,314.11,313.75,313.8,25798
1786017600,313.84,313.9,313.6,313.87,33155
1786018500,313.86,314.51,313.68,314.34,45061
1786019400,314.36,314.44,313.75,313.96,27314
1786020300,313.97,314.04,313.73,313.82,34297
1786021200,313.94,314.1,313.52,313.54,40976
1786022100,313.59,314.95,313.48,314.34,89495
1786023000,314.34,316.13,313.49,314.74,3459322
1786023900,314.74,316.29,314.56,314.77,2397744
1786024800,314.8,315.19,312.7,313.32,1806044
1786025700,313.32,313.45,312.12,312.84,2135503
1786026600,312.8,313.29,311.78,312.43,1482509
1786027500,312.43,313.64,312.25,313.34,1349281
1786028400,313.36,313.38,312.0,312.15,1116682
1786029300,312.22,312.27,309.66,310.1,1790164
1786030200,310.11,310.41,309.79,310.07,1083521
1786031100,310.09,310.25,309.23,309.54,957462
1786032000,309.55,310.08,309.25,309.98,869253
1786032900,309.98,311.26,309.8,311.16,864304
1786033800,311.16,311.67,311.12,311.36,707467
1786034700,311.37,311.77,311.28,311.66,583944
1786035600,311.65,311.76,310.71,310.9,1752220
1786036500,310.89,311.25,310.88,311.2,700830
1786037400,311.21,311.57,311.18,311.57,516665
1786038300,311.58,312.18,311.45,312.16,615338
1786039200,312.18,312.26,311.98,311.99,631070
1786040100,311.99,312.42,311.8,312.24,686887
1786041000,312.25,312.47,311.88,311.99,527454
1786041900,311.98,312.34,311.92,312.28,483062
1786042800,312.27,312.5,312.09,312.42,603981
1786043700,312.41,312.82,312.15,312.58,1413618
1786044600,312.59,312.93,312.4,312.8,1168989
1786045500,312.81,312.94,311.26,312.49,2638767
1786046400,312.51,312.96,311.91,312.65,1921272
1786047300,312.7,312.75,312.06,312.38,17285
1786048200,312.23,312.41,312.0,312.0,29488
1786049100,311.93,312.15,311.65,311.7,14507
1786050000,311.74,311.94,311.7,311.83,6069
1786050900,311.8,312.0,311.74,311.83,3442
1786051800,311.8,311.94,311.76,311.9,5241
1786052700,311.83,311.98,311.81,311.98,4763
1786053600,311.95,312.26,311.9,312.26,559416
1786054500,312.27,312.27,312.0,312.0,6599
1786055400,312.0,312.02,311.81,311.94,4962
1786056300,312.0,312.05,311.91,311.95,7025
1786057200,312.0,312.25,312.0,312.2,10086
1786058100,312.2,312.47,312.2,312.45,7988
1786059000,312.45,312.5,312.29,312.5,6099
1786059900,312.45,312.7,312.28,312.56,18306
1786089600,312.55,313.0,311.2,311.2,44056
1786090500,311.14,311.14,310.7,310.75,27697
1786091400,310.79,311.13,310.61,311.1,15253
1786092300,311.22,311.5,311.03,311.3,7617
1786093200,311.29,311.38,311.11,311.32,2671
1786094100,311.35,311.75,311.33,311.44,4313
1786095000,311.64,311.75,311.43,311.69,2083
1786095900,311.6,311.99,311.6,311.92,6861
1786096800,311.96,312.1,311.86,311.89,7019
1786097700,311.89,311.89,311.67,311.72,6395
1786098600,311.68,311.8,311.68,311.77,2552
1786099500,311.86,311.86,311.71,311.74,1413
1786100400,311.74,311.98,311.46,311.5,23672
1786101300,311.5,311.77,311.5,311.71,9576
1786102200,311.71,312.0,311.6,311.81,15424
1786103100,311.91,312.3,311.85,312.19,13365
1786104000,312.14,312.36,312.0,312.19,20421
1786104900,312.36,312.36,311.97,312.21,15272
1786105800,312.25,313.2,311.9,312.63,78238
1786106700,312.51,312.9,312.03,312.38,48753
1786107600,312.37,312.5,311.51,311.51,58878
1786108500,311.51,312.2,311.31,311.45,69214
1786109400,311.45,313.81,310.74,311.78,2756171
1786110300,311.77,312.18,311.03,311.68,1410349
1786111200,311.68,312.59,311.65,312.14,1169684
1786112100,312.14,314.13,311.75,314.08,1384900
1786113000,314.09,314.81,313.92,314.28,1200787
1786113900,314.25,314.38,313.65,314.32,1395421
1786114800,314.31,314.35,313.55,313.94,543401
1786115700,313.94,313.94,313.0,313.36,822048
1786116600,313.36,313.42,312.42,312.6,866108
1786117500,312.6,312.6,312.02,312.15,1001283
1786118400,312.14,312.43,311.55,311.82,803160
1786119300,311.82,311.98,311.54,311.69,588095
1786120200,311.69,312.26,311.61,312.18,571595
1786121100,312.18,312.49,312.11,312.21,499089
1786122000,312.23,312.56,312.18,312.47,542059
1786122900,312.47,312.9,312.3,312.74,560751
1786123800,312.74,313.07,312.59,312.99,508356
1786124700,313.0,313.25,312.91,312.98,624525
1786125600,312.99,313.06,312.28,312.38,668426
1786126500,312.37,312.4,311.82,311.92,565047
1786127400,311.91,312.06,311.68,311.89,503824
1786128300,311.9,312.49,311.83,312.43,486579
1786129200,312.45,312.91,312.23,312.86,689083
1786130100,312.85,313.39,312.84,313.28,862393
1786131000,313.28,313.33,313.0,313.26,995165
1786131900,313.25,314.18,312.93,313.3,3330414
1786132800,313.24,313.5,312.97,313.24,256086
1786133700,313.22,313.34,313.01,313.02,9779
1786134600,313.01,313.33,312.89,313.1,21706
1786135500,313.13,313.13,312.68,313.08,17830
1786136400,313.19,313.2,312.97,313.01,5192
1786137300,313.13,313.19,312.99,313.19,4770
1786138200,313.1,313.19,313.05,313.1,50315
1786139100,313.1,313.2,313.01,313.2,4567
1786140000,313.15,313.15,313.05,313.09,3753
1786140900,313.07,313.18,313.05,313.09,4715
1786141800,313.08,313.2,313.05,313.2,5484
1786142700,313.22,313.26,313.09,313.25,4492
1786143600,313.25,313.25,313.07,313.15,1862
1786144500,313.15,313.27,313.14,313.27,2446
1786145400,313.24,313.3,313.07,313.07,3386
1786146300,313.07,313.25,313.05,313.15,5516
1786348800,313.0,313.79,312.87,312.88,51842
1786349700,312.85,313.26,312.85,313.26,13979
1786350600,313.27,313.27,313.0,313.13,5495
1786351500,313.13,313.22,313.12,313.18,2255
1786352400,313.25,313.58,313.25,313.55,14663
1786353300,313.53,313.64,313.53,313.55,3342
1786354200,313.52,313.6,313.45,313.6,4124
1786355100,313.6,313.64,313.45,313.64,2934
1786356000,313.58,313.75,313.58,313.71,4112
1786356900,313.68,313.68,313.62,313.66,2078
1786357800,313.66,313.67,308.0,308.71,192502
1786358700,308.6,309.69,308.12,309.67,86356
1786359600,309.67,309.71,308.82,309.0,108057
1786360500,309.05,309.7,308.65,309.41,64946
1786361400,309.5,310.01,309.21,310.01,118749
1786362300,310.01,310.79,309.6,309.8,80715
1786363200,309.73,309.9,309.51,309.82,56600
1786364100,309.82,310.2,309.6,309.62,60120
1786365000,309.62,309.7,309.21,309.35,85749
1786365900,309.28,309.5,309.0,309.03,1542840
1786366800,309.05,309.25,308.9,309.05,79050
1786367700,309.1,309.3,305.25,306.65,391987
1786368600,306.83,307.49,304.61,305.87,5273683
1786369500,305.85,307.49,305.66,307.05,2585600
1786370400,307.01,307.42,305.95,306.53,1895263
1786371300,306.51,307.46,306.29,306.89,1467251
1786372200,306.9,307.2,306.46,306.75,976953
1786373100,306.75,307.21,306.23,307.12,1140655
1786374000,307.12,307.14,306.39,306.39,893412
1786374900,306.4,306.87,306.28,306.56,661641
1786375800,306.52,306.79,306.32,306.55,712704
1786376700,306.55,307.23,306.51,307.17,655551
1786377600,307.15,307.25,305.39,305.55,1588621
1786378500,305.55,305.99,305.05,305.54,1193043
1786379400,305.54,305.76,305.17,305.64,914376
1786380300,305.64,306.29,305.61,306.27,710320
1786381200,306.27,306.63,306.22,306.45,737372
1786382100,306.46,306.79,306.25,306.47,611797
1786383000,306.47,306.85,306.35,306.71,506278
1786383900,306.71,306.79,306.0,306.73,951367
1786384800,306.73,306.99,306.56,306.63,567402
1786385700,306.62,306.78,306.52,306.71,529673
1786386600,306.72,306.97,306.6,306.83,684594
1786387500,306.83,307.26,306.71,307.04,621364
1786388400,307.05,307.46,307.04,307.44,847620
1786389300,307.44,307.67,307.2,307.23,989725
1786390200,307.22,307.44,306.98,307.26,1088123
1786391100,307.25,308.26,306.87,308.25,3424243
1786392000,308.26,308.29,307.0,307.56,1149843
1786392900,307.5,307.56,307.35,307.4,19990
1786393800,307.4,308.26,307.38,307.47,42138
1786394700,307.46,307.47,307.32,307.45,9360
1786395600,307.39,307.54,307.35,307.54,11571
1786396500,307.54,307.8,307.5,307.79,22377
1786397400,307.68,307.8,307.67,307.7,7024
1786398300,307.73,307.8,307.7,307.75,7652
1786399200,307.78,308.0,307.75,307.79,13760
1786400100,307.82,307.9,307.67,307.77,9799
1786401000,307.75,307.75,307.6,307.7,3307
1786401900,307.7,307.8,307.67,307.7,2298
1786402800,307.7,307.74,307.66,307.67,2626
1786403700,307.66,307.7,307.59,307.65,2811
1786404600,307.62,307.66,307.52,307.56,4535
1786405500,307.59,307.64,307.53,307.55,9461
1786435200,308.08,309.12,308.0,308.11,53014
1786436100,308.14,308.65,308.14,308.65,5308
1786437000,308.54,308.65,308.54,308.65,5645
1786437900,308.69,308.69,308.6,308.67,1131
1786438800,308.66,308.86,308.61,308.78,3276
1786439700,308.89,308.99,308.68,308.7,2976
1786440600,308.75,308.88,308.7,308.79,3674
1786441500,308.9,309.0,308.8,308.9,3328
1786442400,308.97,309.14,308.72,309.14,8376
1786443300,309.1,309.17,309.0,309.06,6549
1786444200,309.07,309.15,309.02,309.07,1366
1786445100,309.1,309.1,308.9,308.9,7778
1786446000,308.88,309.6,308.82,309.25,56391
1786446900,309.25,309.35,308.82,309.13,13248
1786447800,309.1,309.15,308.86,309.08,18453
1786448700,309.16,309.17,308.92,309.04,10286
1786449600,309.15,309.2,308.82,309.0,27455
1786450500,309.0,309.13,308.36,308.8,29936
1786451400,308.7,309.1,308.5,308.54,28587
1786452300,308.52,308.65,308.23,308.23,20324
1786453200,308.28,308.38,307.77,307.79,2373897
1786454100,307.77,308.79,307.05,307.54,93707
1786455000,307.75,309.97,306.25,306.46,2296606
1786455900,306.46,306.62,305.67,306.29,1299677
1786456800,306.3,306.69,306.03,306.36,916470
1786457700,306.38,306.69,305.89,306.19,777780
1786458600,306.19,306.94,306.12,306.67,673890
1786459500,306.67,306.94,306.51,306.59,534251
1786460400,306.6,306.69,306.05,306.21,550410
1786461300,306.22,306.77,306.18,306.7,773697
1786462200,306.7,307.36,306.49,307.24,754097
1786463100,307.23,307.61,307.0,307.25,590941
1786464000,307.23,307.37,306.67,306.81,687753
1786464900,306.81,307.13,306.45,306.56,624346
1786465800,306.56,306.59,305.8,305.85,773927
1786466700,305.85,306.37,305.7,306.24,626789
1786467600,306.23,306.31,305.96,306.0,496764
1786468500,306.0,306.3,305.98,306.19,420657
1786469400,306.18,306.52,306.15,306.4,553460
1786470300,306.4,306.5,305.76,306.02,744775
1786471200,306.02,306.02,304.79,304.96,1133126
1786472100,304.96,305.0,302.79,303.3,1740179
1786473000,303.28,303.78,302.97,303.46,1354578
1786473900,303.48,304.59,303.12,304.35,846401
1786474800,304.35,304.8,304.0,304.75,845394
1786475700,304.74,305.2,304.74,305.16,919659
1786476600,305.16,305.3,304.38,304.62,1206586
1786477500,304.62,305.09,303.75,304.9,3511698
1786478400,304.91,304.95,304.56,304.88,761614
1786479300,304.89,305.1,304.83,305.07,25349
1786480200,305.01,305.08,304.97,305.05,12518
1786481100,305.04,305.07,304.6,304.95,13376
1786482000,305.0,305.08,304.97,305.05,8236
1786482900,305.05,305.06,304.84,304.86,8318
1786483800,304.9,305.08,304.89,305.0,7594
1786484700,305.04,305.04,304.92,304.92,4309
1786485600,304.99,305.0,304.91,305.0,5498
1786486500,304.95,304.99,304.91,304.98,2615
1786487400,304.99,305.0,304.96,305.0,5810
1786488300,305.0,305.08,304.93,305.06,4433
1786489200,305.01,305.08,304.91,305.04,34426
1786490100,305.01,305.04,305.0,305.0,3027
1786491000,305.04,305.05,305.0,305.0,6713
1786491900,305.01,305.1,304.93,305.07,16103
1786521600,305.21,305.21,304.48,304.5,49496
1786522500,304.45,304.56,304.27,304.5,7700
1786523400,304.4,304.51,304.32,304.43,4005
1786524300,304.44,304.54,304.28,304.48,3773
1786525200,304.52,304.64,304.4,304.42,7242
1786526100,304.42,304.99,304.42,304.78,11571
1786527000,304.74,304.99,304.68,304.86,8405
1786527900,304.85,304.86,304.65,304.78,4339
1786528800,304.73,304.99,304.73,304.99,3705
1786529700,305.0,305.29,304.97,304.97,5152
1786530600,304.99,305.04,304.8,304.8,4232
1786531500,304.82,304.89,304.43,304.63,8027
1786532400,304.57,305.0,304.43,304.9,19563
1786533300,304.73,304.88,304.65,304.87,5621
1786534200,304.7,304.85,304.69,304.8,28326
1786535100,304.76,304.78,304.28,304.73,47979
1786536000,304.71,305.0,304.5,304.74,35605
1786536900,304.7,304.75,304.42,304.75,30612
1786537800,305.0,305.0,303.8,303.91,113405
1786538700,303.91,304.18,303.8,303.97,505561
1786539600,304.0,304.35,303.93,304.17,47797
1786540500,304.17,305.23,303.03,305.0,136467
1786541400,305.1,305.66,302.18,303.37,2416829
1786542300,303.38,303.64,302.58,303.36,1401469
1786543200,303.38,304.32,302.26,302.48,1723325
1786544100,302.48,302.8,302.3,302.35,1079382
1786545000,302.35,302.95,302.31,302.94,1109548
1786545900,302.94,303.19,302.06,302.43,1392673
1786546800,302.43,302.83,301.57,301.71,1074751
1786547700,301.68,301.75,301.03,301.08,1272179
1786548600,301.09,301.29,300.57,300.85,1185582
1786549500,300.83,301.25,300.62,301.17,770578
1786550400,301.19,301.82,301.0,301.77,950512
1786551300,301.77,301.81,301.23,301.51,665645
1786552200,301.51,301.91,301.41,301.9,636027
1786553100,301.9,302.24,301.62,302.17,731290
1786554000,302.17,302.51,302.04,302.44,579747
1786554900,302.43,302.5,302.06,302.17,638542
1786555800,302.17,302.3,301.74,301.79,711558
1786556700,301.79,301.8,301.27,301.5,888012
1786557600,301.51,301.79,301.5,301.57,719276
1786558500,301.56,301.58,301.06,301.12,795018
1786559400,301.12,301.54,301.04,301.43,1359585
1786560300,301.43,302.04,301.34,301.41,1367639
1786561200,301.42,301.59,301.19,301.27,938495
1786562100,301.27,301.71,301.17,301.68,988916
1786563000,301.67,302.04,301.0,301.6,1817043
1786563900,301.6,302.25,301.15,302.22,3669894
1786564800,302.25,302.5,301.76,301.99,207666
1786565700,301.95,302.09,301.68,302.03,27131
1786566600,302.07,302.25,302.0,302.05,45249
1786567500,302.13,302.25,301.68,301.96,18962
1786568400,302.0,302.1,301.97,302.01,1490056
1786569300,302.05,302.22,302.02,302.17,23809
1786570200,302.15,302.25,302.05,302.07,20281
1786571100,302.04,302.05,301.95,302.0,11407
1786572000,301.95,302.0,301.85,301.96,8738
1786572900,301.95,301.95,301.75,301.87,5143
1786573800,301.85,301.87,301.58,301.7,11392
1786574700,301.68,301.7,301.66,301.7,8730
1786575600,301.7,301.75,301.58,301.58,6489
1786576500,301.6,301.75,301.5,301.51,12433
1786577400,301.51,301.6,301.41,301.55,10151
1786578300,301.55,301.64,301.3,301.3,20196
1786608000,302.8,303.6,302.0,303.46,101601
1786608900,303.45,303.5,303.21,303.4,16654
1786609800,303.45,303.45,303.23,303.28,10635
1786610700,303.3,303.5,303.29,303.35,9815
1786611600,303.34,303.49,303.08,303.45,10206
1786612500,303.43,303.45,303.18,303.38,12513
1786613400,303.44,303.75,303.43,303.7,9432
1786614300,303.67,303.72,303.39,303.55,9855
1786615200,303.55,303.55,303.4,303.43,7009
1786616100,303.55,303.67,303.5,303.52,4067
1786617000,303.62,303.7,303.6,303.63,6482
1786617900,303.6,303.6,303.3,303.3,4532
1786618800,303.25,303.38,302.95,303.1,31442
1786619700,303.17,303.25,303.03,303.19,21185
1786620600,303.18,303.21,303.0,303.0,13458
1786621500,303.01,303.24,303.0,303.19,22753
1786622400,303.1,303.38,303.1,303.24,20517
1786623300,303.25,303.42,303.1,303.3,15860
1786624200,303.3,303.39,303.01,303.12,21091
1786625100,303.15,303.35,303.02,303.29,28147
1786626000,303.15,303.33,303.03,303.21,2763092
1786626900,303.25,304.7,303.25,304.26,211866
1786627800,304.21,304.75,302.05,303.43,2923400
1786628700,303.45,304.64,302.9,304.58,1573523
1786629600,304.58,305.49,304.15,305.48,1834828
1786630500,305.49,305.96,304.16,305.64,1516495
1786631400,305.64,306.0,304.85,304.98,1294515
1786632300,304.98,305.17,304.54,305.11,929474
1786633200,305.13,305.19,304.08,304.24,977657
1786634100,304.24,304.37,303.55,303.71,1092873
1786635000,303.73,303.99,302.95,303.44,961587
1786635900,303.44,303.53,302.77,302.79,689904
1786636800,302.79,303.42,302.57,303.41,781758
1786637700,303.42,303.87,303.25,303.43,607783
1786638600,303.44,303.45,303.05,303.24,545205
1786639500,303.24,303.76,303.01,303.03,636879
1786640400,303.02,303.19,302.85,303.09,597105
1786641300,303.08,303.38,302.96,303.34,497413
1786642200,303.34,303.82,303.08,303.54,617107
1786643100,303.55,303.9,303.38,303.44,378972
1786644000,303.44,303.5,302.93,303.42,588418
1786644900,303.41,303.52,303.22,303.31,472317
1786645800,303.31,303.94,303.13,303.81,863703
1786646700,303.81,303.85,303.15,303.18,736573
1786647600,303.19,303.64,303.03,303.5,852341
1786648500,303.5,304.61,303.38,304.4,1248377
1786649400,304.38,304.65,303.97,304.1,1138288
1786650300,304.08,305.35,304.03,305.31,2619464
1786651200,305.26,305.26,304.77,305.0,363333
1786652100,304.99,305.0,304.58,304.71,898659
1786653000,304.71,305.26,304.51,304.52,55691
1786653900,304.52,304.79,304.42,304.76,9303
1786654800,304.76,305.0,304.65,304.88,13139
1786655700,304.86,305.0,304.75,304.76,7413
1786656600,304.93,304.93,304.76,304.88,6880
1786657500,304.9,304.92,304.8,304.9,4825
1786658400,304.9,304.98,304.82,304.83,6616
1786659300,304.82,304.91,304.81,304.85,3790
1786660200,304.85,304.94,304.85,304.9,3553
1786661100,304.87,304.98,304.86,304.98,5373
1786662000,304.98,304.98,304.93,304.95,2515
1786662900,304.98,305.0,304.82,304.92,4185
1786663800,304.9,304.93,304.82,304.9,5368
1786664700,304.8,304.89,304.51,304.51,5991
1786694400,305.2,305.98,304.71,305.32,76631
1786695300,305.4,305.58,305.37,305.56,1823
1786696200,305.51,305.63,305.49,305.56,1820
1786697100,305.58,305.8,305.57,305.75,2988
1786698000,305.8,305.81,305.74,305.77,2234
1786698900,305.73,305.77,305.55,305.55,4793
1786699800,305.53,305.6,305.41,305.6,3061
1786700700,305.64,305.75,305.43,305.5,5229
1786701600,305.5,305.53,305.15,305.22,9976
1786702500,305.22,305.35,305.18,305.3,3457
1786703400,305.32,305.32,305.04,305.06,4721
1786704300,305.01,305.16,305.0,305.0,9168
1786705200,305.08,305.12,304.76,304.84,17803
1786706100,304.81,304.99,304.78,304.96,10868
1786707000,304.94,305.4,304.94,305.2,56775
1786707900,305.26,305.35,305.0,305.29,874254
1786708800,305.33,305.62,305.2,305.32,310751
1786709700,305.26,305.62,305.26,305.62,12396
1786710600,305.59,305.66,305.26,305.43,27926
1786711500,305.4,305.54,305.39,305.5,68243
1786712400,305.41,305.45,305.0,305.2,38653
1786713300,305.14,305.94,304.94,305.94,52458
1786714200,306.0,307.49,305.56,306.23,2239436
1786715100,306.24,307.01,305.7,306.1,1079421
1786716000,306.07,306.36,305.57,305.73,773693
1786716900,305.73,305.91,304.76,304.99,1027899
1786717800,305.02,305.19,304.66,304.91,674111
1786718700,304.93,305.43,304.83,305.16,605014
1786719600,305.16,305.25,304.3,304.72,692845
1786720500,304.74,305.96,304.72,305.53,802987
1786721400,305.55,305.92,305.42,305.74,478936
1786722300,305.75,305.83,305.52,305.68,379192
1786723200,305.64,305.71,305.19,305.27,366094
1786724100,305.27,305.47,304.97,305.44,430748
1786725000,305.44,305.5,305.17,305.32,362873
1786725900,305.31,305.51,305.12,305.43,698079
1786726800,305.44,305.57,305.26,305.48,353023
1786727700,305.49,305.53,305.08,305.19,303851
1786728600,305.19,305.53,305.04,305.4,420554
1786729500,305.41,306.16,305.4,306.05,672427
1786730400,306.04,306.16,305.58,306.12,1054464
1786731300,306.13,306.25,305.91,305.98,432908
1786732200,305.98,306.18,305.63,305.72,464251
1786733100,305.73,305.88,305.56,305.58,479737
1786734000,305.59,305.71,305.27,305.45,499818
1786734900,305.46,306.05,305.45,305.94,539430
1786735800,305.93,305.97,305.5,305.56,862242
1786736700,305.57,306.1,305.53,305.98,1952631
1786737600,305.93,305.93,305.61,305.76,1270554
1786738500,305.76,305.83,305.74,305.74,8654
1786739400,305.73,305.93,305.65,305.88,18680
1786740300,305.85,305.89,305.77,305.77,5489
1786741200,305.79,305.83,305.75,305.8,3701
1786742100,305.78,305.8,305.62,305.64,11216
1786743000,305.7,305.8,305.65,305.77,5477
1786743900,305.7,305.8,305.7,305.71,2984
1786744800,305.72,305.75,305.72,305.72,2592
1786745700,305.73,305.74,305.6,305.65,8965
1786746600,305.6,305.72,305.57,305.72,5902
1786747500,305.72,305.73,305.65,305.66,3148
1786748400,305.66,305.7,305.65,305.69,3445
1786749300,305.69,305.8,305.66,305.8,7632
1786750200,305.8,305.8,305.65,305.75,4322
1786751100,305.75,305.8,305.72,305.78,7065
1786953600,306.47,307.47,305.21,306.92,127322
1786954500,306.85,307.15,306.83,307.0,17253
1786955400,306.95,307.29,306.95,307.0,22903
1786956300,306.95,307.08,306.85,307.04,10328
1786957200,307.16,307.28,307.02,307.21,5555
1786958100,307.23,307.32,307.06,307.06,6993
1786959000,307.02,307.11,307.01,307.08,3844
1786959900,307.05,307.12,306.9,306.91,5744
1786960800,306.9,306.9,306.55,306.6,14141
1786961700,306.57,306.86,306.5,306.86,13819
1786962600,306.8,306.83,306.5,306.71,7383
1786963500,306.65,306.76,306.6,306.6,12900
1786964400,306.6,307.0,306.54,306.94,35582
1786965300,306.91,307.03,306.68,306.98,2182058
1786966200,307.06,307.47,306.93,307.46,32197
1786967100,307.47,307.47,307.1,307.22,18424
1786968000,307.25,307.6,307.1,307.38,32578
1786968900,307.47,307.6,307.01,307.11,22498
1786969800,307.06,307.06,306.54,306.66,27673
1786970700,306.68,306.68,306.29,306.46,31815
1786971600,306.49,306.59,306.35,306.5,17677
1786972500,306.56,306.95,305.63,305.97,54282
1786973400,306.21,307.66,304.05,305.15,2387951
1786974300,305.12,306.32,305.09,305.44,1090659
1786975200,305.39,305.56,304.62,304.9,938329
1786976100,304.87,305.1,304.46,304.5,776321
1786977000,304.51,304.82,304.12,304.56,967378
1786977900,304.57,304.71,303.65,304.13,1226130
1786978800,304.14,304.75,303.8,304.66,1103843
1786979700,304.65,304.91,304.44,304.54,847403
1786980600,304.54,304.6,303.3,303.31,1002950
1786981500,303.3,303.52,303.06,303.18,700101
1786982400,303.18,303.56,303.05,303.56,718065
1786983300,303.56,303.8,303.4,303.56,509617
1786984200,303.56,304.04,303.55,303.76,490952
1786985100,303.76,303.84,302.94,303.04,795075
1786986000,303.03,303.92,303.02,303.87,629315
1786986900,303.87,304.43,303.82,304.42,574429
1786987800,304.42,304.65,304.08,304.54,517307
1786988700,304.53,304.64,304.15,304.3,399943
1786989600,304.3,304.68,303.96,304.58,570307
1786990500,304.59,304.94,304.56,304.7,975394
1786991400,304.7,305.52,304.69,305.52,696369
1786992300,305.52,305.99,305.42,305.68,923400
1786993200,305.68,305.97,305.59,305.81,537263
1786994100,305.81,306.16,305.63,306.14,768295
1786995000,306.15,306.33,305.53,305.62,837248
1786995900,305.64,305.79,305.03,305.69,3144123
1786996800,305.59,305.65,305.11,305.17,1278274
1786997700,305.21,305.26,305.08,305.1,9443
1786998600,305.12,305.59,305.1,305.22,21346
1786999500,305.2,305.4,305.16,305.32,18138
1787000400,305.32,305.32,305.21,305.32,5497
1787001300,305.3,305.3,305.2,305.2,3814
1787002200,305.21,305.27,305.21,305.27,2597
1787003100,305.22,305.28,305.1,305.24,4232
1787004000,305.19,305.24,304.91,304.91,14327
1787004900,304.99,305.1,304.82,304.94,6103
1787005800,304.93,304.94,304.9,304.9,4815
1787006700,304.85,304.95,304.83,304.95,3114
1787007600,304.94,305.1,304.87,305.09,2524
1787008500,304.98,305.1,304.92,304.92,2284
1787009400,304.92,305.08,304.92,305.08,3938
1787010300,305.08,305.17,304.97,305.13,7211
1787040000,305.3,306.5,304.9,305.88,94326
1787040900,305.8,306.65,305.75,306.41,24308
1787041800,306.41,306.66,306.29,306.59,10496
1787042700,306.56,306.8,306.55,306.64,18745
1787043600,306.68,307.43,306.68,307.05,26817
1787044500,307.1,307.59,307.1,307.5,24946
1787045400,307.5,308.5,307.49,307.86,65086
1787046300,307.98,308.19,307.8,307.87,16664
1787047200,307.87,308.09,307.66,308.0,11134
1787048100,307.98,308.5,307.7,308.2,14753
1787049000,308.29,308.5,307.81,308.06,10724
1787049900,308.09,308.25,307.5,307.7,13237
1787050800,307.63,307.7,307.0,307.17,65340
1787051700,307.34,307.75,307.2,307.53,29513
1787052600,307.53,307.99,307.5,307.75,67631
1787053500,307.7,307.8,307.1,307.5,65793
1787054400,307.38,307.53,306.35,307.36,22607
1787055300,307.4,307.65,307.3,307.45,19004
1787056200,307.36,307.41,307.16,307.36,18646
1787057100,307.32,307.53,307.22,307.41,26427
1787058000,307.2,307.4,306.75,306.84,1436280
1787058900,306.85,307.67,306.44,307.48,97586
1787059800,307.58,307.95,305.97,306.97,2744411
1787060700,306.96,307.36,305.74,307.29,1874978
1787061600,307.3,310.15,307.15,309.94,3343204
1787062500,309.93,310.27,308.81,309.66,1854356
1787063400,309.64,311.49,309.6,310.77,1962586
1787064300,310.77,311.22,310.23,310.39,1593731
1787065200,310.41,311.15,309.92,310.51,1389223
1787066100,310.51,310.93,310.07,310.43,852567
1787067000,310.43,310.52,309.74,309.88,855070
1787067900,309.87,310.03,309.34,309.54,1089501
1787068800,309.55,310.46,309.01,310.25,1029625
1787069700,310.27,310.64,309.95,310.62,791604
1787070600,310.62,310.75,310.27,310.46,712513
1787071500,310.46,310.77,310.2,310.75,690826
1787072400,310.74,310.94,310.54,310.57,1422901
1787073300,310.57,310.77,310.27,310.4,519389
1787074200,310.4,310.44,309.87,310.04,1936745
1787075100,310.04,310.27,310.04,310.13,611085
1787076000,310.12,310.59,309.75,310.5,830787
1787076900,310.5,310.65,310.27,310.62,600598
1787077800,310.61,311.2,310.34,311.06,1078023
1787078700,311.06,311.25,310.37,310.38,712304
1787079600,310.38,310.43,309.65,309.67,837791
1787080500,309.68,309.99,309.37,309.71,1173819
1787081400,309.69,310.53,309.6,310.45,1189438
1787082300,310.44,311.07,309.95,310.21,4708444
1787083200,310.03,310.29,309.65,309.8,1358871
1787084100,309.85,310.03,309.73,309.76,9095
1787085000,309.8,310.03,309.8,309.84,39293
1787085900,309.88,309.88,309.67,309.67,7596
1787086800,309.7,309.7,309.61,309.66,2909
1787087700,309.65,309.79,309.65,309.78,3557
1787088600,309.8,309.91,309.8,309.8,3915
1787089500,309.77,309.9,309.77,309.89,2467
1787090400,309.93,310.14,309.87,309.96,9135
1787091300,310.0,310.1,309.8,309.9,5189
1787092200,310.05,310.05,309.6,309.64,6267
1787093100,309.65,309.89,309.63,309.89,9648
1787094000,309.88,310.15,309.82,310.0,4473
1787094900,309.97,310.29,309.94,310.22,6165
1787095800,310.23,310.39,309.95,310.32,9387
1787096700,310.3,310.33,310.2,310.22,10170
1787126400,309.92,311.3,307.56,308.42,159919
1787127300,308.4,308.97,308.15,308.51,10802
1787128200,308.64,309.05,308.52,309.04,9539
1787129100,308.92,308.92,308.62,308.72,2262
1787130000,308.7,308.91,308.6,308.75,6560
1787130900,308.75,309.16,308.66,309.11,4346
1787131800,309.02,309.36,308.76,309.36,5136
1787132700,309.29,309.72,309.06,309.68,12306
1787133600,309.66,310.02,309.6,309.67,10225
1787134500,309.75,309.86,309.35,309.64,8187
1787135400,309.65,310.03,309.65,309.72,9303
1787136300,309.7,309.81,309.61,309.8,1958
1787137200,309.65,309.94,309.35,309.62,14343
1787138100,309.85,309.85,309.61,309.85,12777
1787139000,309.85,310.58,309.85,310.58,20304
1787139900,310.58,310.72,310.21,310.43,17998
1787140800,310.37,310.48,309.92,310.02,1078948
1787141700,310.01,310.21,309.55,309.68,32534
1787142600,309.7,310.24,309.65,309.81,31240
1787143500,309.81,310.98,309.8,309.8,53509
1787144400,309.81,310.5,309.73,310.31,43639
1787145300,310.48,311.18,309.9,310.12,83751
1787146200,310.14,312.39,309.6,311.7,2690001
1787147100,311.67,316.39,311.65,316.37,2973478
1787148000,316.39,317.5,316.06,317.13,3145494
1787148900,317.15,317.81,315.37,316.01,1939539
1787149800,316.02,317.06,315.75,315.87,1571868
1787150700,315.88,318.33,315.87,317.87,1264820
1787151600,317.88,319.28,317.86,318.8,1344722
1787152500,318.8,318.97,317.98,318.18,1228139
1787153400,318.19,318.23,316.3,316.43,1025241
1787154300,316.44,316.86,315.96,316.3,699847
1787155200,316.3,317.31,316.0,317.25,751032
1787156100,317.26,317.45,316.56,316.56,648360
1787157000,316.55,316.55,315.05,315.26,997505
1787157900,315.26,315.31,314.65,315.1,1210190
1787158800,315.12,315.17,314.49,314.87,610992
1787159700,314.87,315.17,314.7,315.06,713478
1787160600,315.07,315.82,314.95,315.36,741205
1787161500,315.37,315.51,315.15,315.2,598537
1787162400,315.19,315.71,315.01,315.45,619148
1787163300,315.45,315.45,314.77,314.84,866615
1787164200,314.84,315.04,314.29,314.86,711003
1787165100,314.86,315.23,314.77,314.87,2182252
1787166000,314.88,315.97,314.77,315.81,970465
1787166900,315.81,316.73,315.69,316.68,1223618
1787167800,316.67,316.67,315.37,315.66,1038690
1787168700,315.65,316.9,315.19,316.9,4305091
1787169600,316.91,316.91,316.52,316.8,2934392
1787170500,316.75,316.9,316.4,316.48,11901
1787171400,316.43,316.83,316.3,316.35,62249
1787172300,316.5,316.51,316.2,316.38,7114
1787173200,316.36,316.5,316.36,316.5,5904
1787174100,316.48,316.48,316.28,316.35,6123
1787175000,316.3,316.46,316.28,316.46,3431
1787175900,316.41,316.5,316.4,316.42,3218
1787176800,316.5,317.19,316.5,316.92,15166
1787177700,317.14,317.14,316.79,316.98,4860
1787178600,316.8,316.97,316.75,316.83,3670
1787179500,316.9,316.9,316.7,316.82,7445
1787180400,316.83,317.22,316.83,317.0,8857
1787181300,316.99,317.17,316.97,316.97,3100
1787182200,316.98,317.62,316.98,317.6,19320
1787183100,317.61,317.61,316.83,317.0,11189
1787212800,316.72,316.72,315.25,315.43,51321
1787213700,315.15,316.24,315.15,315.98,7273
1787214600,315.96,316.22,315.8,315.98,5153
1787215500,315.88,316.18,315.61,316.0,3316
1787216400,316.0,316.17,315.9,315.94,2417
1787217300,315.96,316.0,315.91,315.91,2788
1787218200,315.96,316.0,315.74,315.94,3168
1787219100,315.84,315.91,315.73,315.91,696
1787220000,315.75,315.88,315.58,315.6,3401
1787220900,315.69,315.97,315.65,315.96,4295
1787221800,315.96,316.04,315.75,315.75,3317
1787222700,315.85,316.21,315.85,316.2,3118
1787223600,316.13,316.58,315.91,316.58,22133
1787224500,316.51,316.83,316.49,316.8,12792
1787225400,316.83,316.91,316.44,316.83,13122
1787226300,316.78,317.19,316.55,316.85,944615
1787227200,316.87,318.25,316.7,318.15,44810
1787228100,318.15,318.42,317.74,318.21,216402
1787229000,318.2,318.22,316.37,316.45,52918
1787229900,316.47,316.77,316.15,316.72,27200
1787230800,316.76,316.9,316.62,316.77,37973
1787231700,316.75,317.67,316.0,317.41,64764
1787232600,317.45,320.28,316.67,318.44,2823194
1787233500,318.48,318.53,317.0,317.28,1348716
1787234400,317.23,317.62,316.32,316.69,1219314
1787235300,316.66,317.09,316.21,316.47,793549
1787236200,316.43,316.67,316.17,316.35,537329
1787237100,316.36,317.48,316.33,317.42,623541
1787238000,317.43,317.79,316.25,316.5,962895
1787238900,316.46,317.25,316.0,317.22,872527
1787239800,317.23,317.25,316.22,316.5,442902
1787240700,316.5,316.97,315.96,316.93,703705
1787241600,316.91,317.09,316.22,316.24,403743
1787242500,316.24,316.79,316.06,316.46,464474
1787243400,316.46,317.44,316.29,317.44,466148
1787244300,317.43,317.54,316.88,317.21,551697
1787245200,317.2,317.63,317.14,317.29,485829
1787246100,317.29,317.58,316.67,316.67,522760
1787247000,316.66,316.86,316.5,316.6,457351
1787247900,316.6,316.63,316.26,316.32,454593
1787248800,316.33,316.33,315.08,315.45,935091
1787249700,315.47,315.71,314.82,314.84,698107
1787250600,314.81,315.7,314.78,315.63,574036
1787251500,315.63,315.63,315.08,315.13,652881
1787252400,315.12,315.12,314.49,314.56,599397
1787253300,314.55,314.55,313.3,313.37,1312929
1787254200,313.38,313.65,312.91,313.0,1197163
1787255100,313.0,313.09,310.65,311.3,4201869
1787256000,311.28,311.52,311.1,311.4,1106424
1787256900,311.45,311.91,311.39,311.85,19720
1787257800,311.85,311.97,311.3,311.88,91803
1787258700,311.9,312.07,311.88,311.93,15828
1787259600,311.97,312.0,311.7,311.84,1611597
1787260500,311.87,312.0,311.3,311.94,7801
1787261400,311.95,311.95,311.8,311.94,1575
1787262300,311.95,312.19,311.9,312.15,18567
1787263200,312.15,312.25,311.95,312.1,5314
1787264100,312.17,313.0,312.14,312.4,18608
1787265000,312.4,312.7,312.25,312.39,2526
1787265900,312.35,312.6,312.23,312.6,8020
1787266800,312.65,312.69,312.42,312.42,2675
1787267700,312.48,312.54,312.4,312.4,2033
1787268600,312.45,312.45,312.12,312.12,7852
1787269500,312.14,312.2,312.0,312.1,4637
1787299200,311.91,312.09,310.75,311.2,74609
1787300100,311.2,311.49,311.16,311.25,9189
1787301000,311.25,311.25,311.01,311.07,5196
1787301900,311.1,311.1,310.91,310.91,5321
1787302800,311.05,312.01,311.05,311.89,12655
1787303700,311.7,311.75,311.52,311.53,4119
1787304600,311.53,311.75,311.44,311.44,2677
1787305500,311.5,311.52,311.42,311.44,2309
1787306400,311.58,311.75,311.58,311.75,5124
1787307300,311.82,311.82,311.63,311.73,2835
1787308200,311.71,311.79,311.56,311.79,1744
1787309100,311.7,311.9,311.69,311.85,4278
1787310000,311.8,311.88,311.56,311.69,21329
1787310900,311.73,311.75,311.37,311.5,9984
1787311800,311.6,312.42,311.5,312.2,21280
1787312700,312.18,312.22,311.85,312.0,12588
1787313600,311.99,312.21,311.83,311.83,8521
1787314500,311.91,312.25,311.9,312.25,9936
1787315400,312.28,312.42,311.77,312.0,19110
1787316300,311.98,312.4,311.8,312.14,17623
1787317200,312.37,312.42,311.77,311.77,22776
1787318100,311.78,312.7,310.0,312.28,346248
1787319000,312.05,312.38,307.44,308.12,6372401
1787319900,308.09,308.32,307.01,307.38,1212201
1787320800,307.38,308.05,307.09,307.72,1371950
1787321700,307.7,308.23,307.46,307.8,3276086
1787322600,307.81,308.74,307.6,308.57,1280611
1787323500,308.55,309.5,308.3,309.45,869833
1787324400,309.46,309.94,309.25,309.7,3958276
1787325300,309.7,310.65,309.53,310.6,667066
1787326200,310.62,311.64,310.4,311.31,2182361
1787327100,311.31,311.93,310.92,311.53,671406
1787328000,311.52,311.82,311.17,311.19,933392
1787328900,311.18,311.43,311.0,311.2,471976
1787329800,311.2,311.25,310.26,310.7,818485
1787330700,310.72,311.03,310.58,311.0,388212
1787331600,310.99,311.64,310.89,311.56,597227
1787332500,311.54,311.64,310.97,311.05,672776
1787333400,311.04,311.17,309.84,310.04,647389
1787334300,310.02,310.15,309.42,309.56,568345
1787335200,309.56,309.61,309.0,309.19,1563679
1787336100,309.19,309.19,308.4,308.48,530861
1787337000,308.48,308.96,308.46,308.55,558509
1787337900,308.55,308.88,308.16,308.78,828727
1787338800,308.78,308.88,308.4,308.69,633087
1787339700,308.7,309.85,308.69,309.74,1015197
1787340600,309.75,310.01,309.42,309.55,1020462
1787341500,309.54,310.18,309.16,309.42,2530203
1787342400,309.35,309.65,309.0,309.65,508693
1787343300,309.6,309.7,309.35,309.4,726907
1787344200,309.35,309.5,309.35,309.5,27270
1787345100,309.5,309.64,309.4,309.42,24368
1787346000,309.46,309.5,309.4,309.5,2793
1787346900,309.43,309.55,309.35,309.5,7788
1787347800,309.51,309.52,309.4,309.47,22296
1787348700,309.53,309.56,309.47,309.56,4302
1787349600,309.57,309.63,309.57,309.61,1902
1787350500,309.62,309.62,309.57,309.59,3687
1787351400,309.61,309.65,309.5,309.53,8194
1787352300,309.61,309.66,309.51,309.59,1293
1787353200,309.6,309.62,309.5,309.51,2514
1787354100,309.57,309.57,309.55,309.55,1761
1787355000,309.5,309.59,309.5,309.5,3510
1787355900,309.54,309.69,309.51,309.69,5961
1787558400,309.45,310.12,309.05,309.83,49450
1787559300,309.81,310.3,309.81,310.25,4486
1787560200,310.12,310.6,310.1,310.5,7373
1787561100,310.37,310.57,310.27,310.27,5670
1787562000,310.31,310.41,310.31,310.41,5302
1787562900,310.38,310.49,310.38,310.48,1327
1787563800,310.43,310.78,310.43,310.66,6079
1787564700,310.66,310.75,310.5,310.51,3534
1787565600,310.5,310.69,310.4,310.58,3419
1787566500,310.6,310.61,310.49,310.55,2309
1787567400,310.66,310.66,310.32,310.39,2567
1787568300,310.42,310.46,310.2,310.2,1952
1787569200,310.06,310.66,310.01,310.45,14478
1787570100,310.44,310.6,310.3,310.51,4628
1787571000,310.43,310.69,309.8,310.18,25375
1787571900,310.12,310.54,310.02,310.45,10296
1787572800,310.4,310.61,310.35,310.55,11309
1787573700,310.67,310.8,310.57,310.8,10151
1787574600,310.75,310.86,310.36,310.78,14701
1787575500,310.78,311.18,310.55,311.09,42482
1787576400,311.18,311.29,310.91,310.94,13684
1787577300,310.9,311.95,310.69,311.49,62771
1787578200,311.47,312.35,309.97,311.15,2345076
1787579100,311.13,311.88,310.56,311.88,1331924
1787580000,311.85,312.94,311.68,312.23,1505251
1787580900,312.21,313.2,312.11,312.94,1103676
1787581800,312.93,313.33,312.81,313.1,770350
1787582700,313.11,313.27,312.5,312.97,1333711
1787583600,312.98,313.16,311.53,311.88,1071197
1787584500,311.88,312.45,311.66,312.24,1178542
1787585400,312.24,312.39,311.7,312.24,588706
1787586300,312.25,312.3,311.58,311.7,513092
1787587200,311.68,311.88,311.34,311.42,396164
1787588100,311.42,312.02,311.4,311.93,466483
1787589000,311.92,312.33,311.86,312.26,482809
1787589900,312.27,313.36,312.19,312.94,763839
1787590800,312.94,312.94,312.16,312.49,502348
1787591700,312.49,312.49,311.87,312.12,445158
1787592600,312.11,312.36,311.7,311.85,430851
1787593500,311.9,312.3,311.73,312.03,493960
1787594400,312.02,312.12,311.5,311.73,494525
1787595300,311.71,311.89,311.61,311.74,549452
1787596200,311.72,311.84,310.72,310.94,608710
1787597100,310.94,311.79,310.93,311.59,539561
1787598000,311.57,311.66,311.02,311.25,487197
1787598900,311.22,311.57,311.13,311.25,536730
1787599800,311.23,311.28,310.67,310.68,806640
1787600700,310.68,311.01,310.17,310.41,2543470
1787601600,310.34,310.65,310.23,310.41,2536186
1787602500,310.42,310.74,310.41,310.6,7342
1787603400,310.66,310.77,310.34,310.72,19511
1787604300,310.72,310.95,310.44,310.95,1620690
1787605200,310.9,310.93,310.7,310.92,1647
1787606100,310.92,310.95,310.7,310.9,5670
1787607000,310.83,311.0,310.81,310.94,11866
1787607900,310.9,310.9,310.83,310.9,441
1787608800,310.92,311.39,310.92,311.05,5080
1787609700,311.06,311.14,310.92,310.92,3147
1787610600,310.87,310.97,310.81,310.82,2285
1787611500,310.9,310.97,310.83,310.83,2174
1787612400,310.84,310.84,310.7,310.84,2503
1787613300,310.55,310.76,310.5,310.76,252
1787614200,310.73,310.79,310.5,310.64,3430
1787615100,310.57,310.7,310.51,310.55,3337
1787644800,309.45,309.9,308.47,309.58,72716
1787645700,309.58,309.75,309.37,309.56,4832
1787646600,309.61,310.11,309.5,310.04,20948
1787647500,310.12,310.15,309.95,310.0,4997
1787648400,309.8,309.98,309.75,309.81,3891
1787649300,309.87,309.98,309.68,309.89,5225
1787650200,309.95,310.18,309.89,309.98,3575
1787651100,309.98,310.1,309.6,310.0,9458
1787652000,309.98,310.01,309.4,309.8,22076
1787652900,309.81,310.3,309.81,310.0,5455
1787653800,310.07,310.4,309.95,310.3,9446
1787654700,310.3,310.5,308.69,309.79,35216
1787655600,309.83,310.53,309.83,310.1,18734
1787656500,310.28,310.43,310.1,310.28,9157
1787657400,310.25,310.33,309.96,310.15,13353
1787658300,310.15,310.33,310.0,310.2,13189
1787659200,310.31,310.5,309.7,309.97,18554
1787660100,309.87,310.24,309.75,310.0,16326
1787661000,309.85,310.03,309.68,309.79,13800
1787661900,309.75,310.12,309.7,310.12,15303
1787662800,310.05,312.0,310.05,310.8,109996
1787663700,310.7,311.09,310.35,310.9,53048
1787664600,310.79,313.59,310.25,310.5,1994132
1787665500,310.5,311.45,310.04,310.44,1139519
1787666400,310.46,310.75,309.65,310.1,1102602
1787667300,310.09,310.73,309.92,310.08,623644
1787668200,310.08,310.79,309.6,309.86,809821
1787669100,309.85,309.97,309.04,309.09,799044
1787670000,309.09,309.42,308.39,309.4,859525
1787670900,309.4,309.49,308.87,309.31,457920
1787671800,309.31,309.85,309.25,309.77,626840
1787672700,309.77,309.83,309.22,309.6,477722
1787673600,309.59,309.72,309.31,309.55,351615
1787674500,309.55,310.19,309.45,309.95,450759
1787675400,309.95,310.04,309.5,309.78,384998
1787676300,309.79,310.11,309.58,310.04,303517
1787677200,310.04,310.04,309.59,309.82,323383
1787678100,309.85,310.01,309.58,309.65,320614
1787679000,309.65,309.83,309.52,309.69,340982
1787679900,309.69,309.81,309.31,309.46,675682
1787680800,309.47,309.47,308.61,309.28,560703
1787681700,309.28,309.72,309.2,309.56,880523
1787682600,309.56,309.61,309.04,309.19,397531
1787683500,309.19,309.3,308.42,308.58,600352
1787684400,308.58,308.77,308.21,308.69,655020
1787685300,308.69,309.4,308.69,308.97,556516
1787686200,308.97,309.07,308.62,308.96,600002
1787687100,308.96,310.3,308.81,309.9,2251431
1787688000,309.9,309.99,309.62,309.7,360600
1787688900,309.67,309.9,309.61,309.88,17819
1787689800,309.88,309.9,309.62,309.66,9947
1787690700,309.73,309.76,309.35,309.44,7002
1787691600,309.47,309.57,309.39,309.39,4884
1787692500,309.41,309.56,309.4,309.56,2073
1787693400,309.55,309.6,309.45,309.58,3779
1787694300,309.59,309.67,309.51,309.67,3766
1787695200,309.58,309.73,309.56,309.73,2077
1787696100,309.65,309.71,309.6,309.67,2726
1787697000,309.68,309.75,309.68,309.68,5698
1787697900,309.78,309.78,309.64,309.7,2461
1787698800,309.7,309.7,309.53,309.56,3870
1787699700,309.65,309.65,309.4,309.44,2933
1787700600,309.43,309.55,309.25,309.37,2275
1787701500,309.34,309.43,309.15,309.16,6563
1787731200,309.89,309.9,308.92,309.88,44716
1787732100,309.64,309.82,309.5,309.5,9745
1787733000,309.61,309.62,309.54,309.62,1673
1787733900,309.6,309.68,309.58,309.63,1357
1787734800,309.6,309.6,309.57,309.59,468
1787735700,309.61,309.61,309.42,309.42,1084
1787736600,309.47,309.53,309.45,309.51,2114
1787737500,309.51,309.56,309.46,309.54,1107
1787738400,309.5,309.5,309.49,309.49,234
1787739300,309.45,309.52,309.31,309.5,1072
1787740200,309.33,309.57,309.33,309.45,2957
1787741100,309.41,309.48,309.34,309.35,4058
1787742000,309.47,309.48,309.3,309.35,7173
1787742900,309.34,309.8,309.33,309.79,7635
1787743800,309.65,309.87,309.6,309.87,12465
1787744700,309.67,309.95,309.67,309.89,7163
1787745600,309.84,310.52,309.81,310.38,29452
1787746500,310.46,310.54,310.3,310.54,22455
1787747400,310.54,310.6,310.11,310.57,24646
1787748300,310.53,310.76,310.28,310.34,25053
1787749200,310.3,310.37,309.77,310.04,25107
1787750100,310.11,310.27,309.35,310.24,31612
1787751000,310.3,311.68,308.8,311.41,1759333
1787751900,311.39,312.7,311.06,312.5,1372543
1787752800,312.46,313.42,311.65,312.83,1276959
1787753700,312.84,313.28,311.78,311.8,932068
1787754600,311.8,312.57,311.66,312.49,702674
1787755500,312.48,312.87,312.07,312.8,568768
1787756400,312.82,313.45,312.46,313.06,1143311
1787757300,313.04,313.2,312.5,312.52,587072
1787758200,312.52,313.49,312.18,313.44,737843
1787759100,313.45,313.62,312.84,312.94,575997
1787760000,312.9,313.95,312.37,313.41,814436
1787760900,313.41,313.61,313.14,313.29,459304
1787761800,313.31,313.48,312.5,312.73,443976
1787762700,312.71,313.2,312.62,313.03,520398
1787763600,313.02,313.1,312.53,312.6,476915
1787764500,312.64,313.27,312.61,313.13,472501
1787765400,313.15,313.25,312.65,312.79,365017
1787766300,312.8,313.12,312.7,312.94,357479
1787767200,312.95,313.17,312.81,312.82,904363
1787768100,312.81,313.18,312.73,313.05,360146
1787769000,313.03,313.7,312.95,313.69,523976
1787769900,313.69,315.1,313.67,314.56,1472828
1787770800,314.57,315.25,314.44,315.07,888843
1787771700,315.06,315.23,314.84,314.84,964042
1787772600,314.86,315.43,314.68,315.24,1287957
1787773500,315.25,315.37,313.18,313.48,3101670
1787774400,313.45,314.0,313.19,313.74,529564
1787775300,313.81,314.44,313.4,313.6,41037
1787776200,313.55,313.58,313.4,313.42,26207
1787777100,313.43,313.45,313.0,313.26,39142
1787778000,313.28,313.45,311.11,311.85,90315
1787778900,312.05,312.9,312.0,312.6,57972
1787779800,312.46,312.5,311.6,311.85,29663
1787780700,311.92,312.0,310.99,310.99,51145
1787781600,310.99,311.5,310.61,311.48,45297
1787782500,311.43,311.5,311.42,311.5,19877
1787783400,311.49,312.21,311.43,312.05,23851
1787784300,312.0,312.11,311.82,312.08,12741
1787785200,312.01,312.13,311.83,311.83,20435
1787786100,311.8,312.0,311.6,311.6,4714
1787787000,311.62,311.9,311.62,311.74,11973
1787787900,311.7,311.82,311.62,311.79,12948
1787817600,311.39,311.5,310.26,310.61,130187
1787818500,310.61,310.81,310.46,310.51,14244
1787819400,310.45,310.65,310.45,310.51,11536
1787820300,310.51,310.56,310.15,310.2,15422
1787821200,310.22,310.4,309.8,309.96,30770
1787822100,310.0,310.36,309.9,310.19,13759
1787823000,310.18,310.31,310.1,310.17,6310
1787823900,310.09,310.3,310.0,310.08,10964
1787824800,310.05,310.13,310.0,310.11,11016
1787825700,310.14,310.34,310.05,310.32,14702
1787826600,310.32,310.4,310.12,310.36,6532
1787827500,310.36,310.36,310.12,310.27,9426
1787828400,310.3,310.6,310.1,310.36,38701
1787829300,310.39,310.6,310.3,310.45,21322
1787830200,310.48,310.58,310.41,310.45,30087
1787831100,310.47,310.62,310.13,310.6,37395
1787832000,310.55,310.65,310.49,310.55,25975
1787832900,310.54,310.58,310.23,310.29,21592
1787833800,310.3,310.35,309.91,309.93,44865
1787834700,309.99,310.43,309.9,310.36,32370
1787835600,310.35,310.59,310.04,310.15,35458
1787836500,310.19,310.64,309.93,310.59,58334
1787837400,310.55,312.04,309.4,310.81,2697115
1787838300,310.83,312.1,310.82,311.61,1104612
1787839200,311.58,311.99,310.17,310.24,1250822
1787840100,310.23,310.91,309.63,310.79,1563451
1787841000,310.8,313.54,310.63,312.9,1494731
1787841900,312.89,313.78,312.65,313.41,754366
1787842800,313.42,314.73,313.42,314.73,964537
1787843700,314.71,315.17,314.56,314.65,775089
1787844600,314.65,315.08,314.28,314.75,574256
1787845500,314.76,314.85,314.15,314.81,866679
1787846400,314.82,314.97,314.29,314.69,970482
1787847300,314.69,314.73,314.11,314.57,396421
1787848200,314.56,314.83,314.25,314.75,400679
1787849100,314.75,315.19,314.52,315.0,582549
1787850000,315.02,315.34,314.74,314.93,445894
1787850900,314.93,315.4,314.82,315.27,513854
1787851800,315.28,315.34,314.49,314.68,430034
1787852700,314.69,315.03,314.6,314.82,443514
1787853600,314.84,314.91,314.11,314.33,388814
1787854500,314.33,314.4,313.99,314.18,413921
1787855400,314.2,314.48,313.86,314.25,371307
1787856300,314.25,314.59,313.57,313.87,487113
1787857200,313.87,314.38,313.65,314.21,474732
1787858100,314.2,314.3,313.44,313.57,561668
1787859000,313.57,313.9,313.37,313.89,540190
1787859900,313.88,315.1,313.76,314.57,2770502
1787860800,314.58,314.64,314.1,314.1,460891
1787861700,314.1,314.58,313.8,313.99,20003
1787862600,314.0,314.58,313.85,314.08,20158
1787863500,314.15,314.58,313.89,313.9,10946
1787864400,314.17,314.42,314.04,314.42,4788
1787865300,314.35,314.38,314.2,314.24,3285
1787866200,314.24,314.34,314.1,314.34,5996
1787867100,314.38,314.38,314.2,314.38,1607
1787868000,314.41,314.49,314.25,314.25,4322
1787868900,314.33,314.5,314.33,314.5,3294
1787869800,314.45,314.53,314.41,314.47,2047
1787870700,314.4,314.63,314.4,314.62,5663
1787871600,314.58,314.73,314.45,314.5,4022
1787872500,314.61,314.69,314.59,314.64,2517
1787873400,314.7,314.7,314.6,314.69,4936
1787874300,314.69,314.98,314.67,314.94,8940
1787904000,315.06,315.85,314.89,315.48,50674
1787904900,315.54,315.74,315.48,315.74,4627
1787905800,315.64,315.97,315.51,315.76,5962
1787906700,315.75,315.77,315.41,315.62,6578
1787907600,315.6,315.8,315.6,315.66,4278
1787908500,315.66,315.73,315.41,315.54,6413
1787909400,315.46,315.56,315.2,315.24,8014
1787910300,315.27,315.43,315.25,315.28,6526
1787911200,315.39,315.41,315.25,315.32,6414
1787912100,315.44,315.48,315.3,315.34,4069
1787913000,315.31,315.45,315.29,315.37,4955
1787913900,315.41,315.41,315.21,315.24,5931
1787914800,315.29,315.48,315.15,315.47,10236
1787915700,315.41,315.51,315.25,315.51,7713
1787916600,315.5,315.75,315.5,315.75,9259
1787917500,315.74,316.47,315.73,316.35,219381
1787918400,316.35,316.58,316.26,316.5,23000
1787919300,316.45,316.58,316.16,316.2,21527
1787920200,316.12,316.34,316.05,316.3,330893
1787921100,316.3,316.33,316.04,316.08,17374
1787922000,316.1,316.1,315.77,316.03,32769
1787922900,316.05,317.0,315.85,316.91,68424
1787923800,316.85,318.13,315.5,317.28,2132680
1787924700,317.28,317.37,315.45,316.78,1263598
1787925600,316.77,317.12,316.05,316.51,844065
1787926500,316.46,317.18,316.16,316.73,1148173
1787927400,316.73,319.57,316.52,319.47,1745918
1787928300,319.48,320.79,318.59,320.71,2301446
1787929200,320.71,321.34,320.03,320.85,1925631
1787930100,320.8,322.03,320.8,321.95,1420091
1787931000,321.95,322.37,321.3,321.8,1498268
1787931900,321.81,322.37,321.11,321.48,1159493
1787932800,321.5,321.86,321.11,321.62,895795
1787933700,321.63,321.85,320.54,320.97,850389
1787934600,320.95,321.52,320.61,320.62,653031
1787935500,320.62,321.35,320.61,320.84,584853
1787936400,320.83,320.83,320.28,320.77,666158
1787937300,320.78,320.8,319.58,319.74,637296
1787938200,319.75,320.04,319.38,319.42,503835
1787939100,319.42,319.7,319.37,319.69,499524
1787940000,319.71,320.05,319.44,319.65,512688
1787940900,319.64,319.83,319.4,319.54,492508
1787941800,319.55,319.75,319.43,319.6,445559
1787942700,319.59,319.81,319.05,319.81,1386346
1787943600,319.82,319.89,319.24,319.64,739834
1787944500,319.64,319.99,319.53,319.55,680870
1787945400,319.55,320.2,319.5,319.83,1168493
1787946300,319.85,320.73,319.52,319.64,2253889
1787947200,319.7,320.25,319.65,319.9,552244
1787948100,319.91,319.97,319.75,319.78,19441
1787949000,319.7,320.06,319.7,320.05,47461
1787949900,320.06,320.16,320.0,320.01,11194
1787950800,320.05,320.05,319.91,320.0,7852
1787951700,320.0,320.03,319.98,319.98,4845
1787952600,320.0,320.0,319.82,319.85,3351
1787953500,319.98,320.0,319.86,319.92,6448
1787954400,319.91,320.0,319.88,319.92,1243
1787955300,320.0,320.0,319.94,319.99,2918
1787956200,320.0,320.1,319.93,320.02,4622
1787957100,320.06,320.08,319.93,320.05,5008
1787958000,319.98,320.1,319.98,320.0,6031
1787958900,320.0,320.1,320.0,320.1,2710
1787959800,320.1,320.2,320.0,320.1,5970
1787960700,320.03,320.18,319.92,320.13,10140
1788163200,320.04,320.04,318.5,318.86,65359
1788164100,318.77,319.32,318.77,319.27,7804
1788165000,319.29,319.5,319.25,319.5,7840
1788165900,319.49,319.61,319.25,319.26,10057
1788166800,319.31,319.61,319.29,319.29,11062
1788167700,319.31,319.39,319.25,319.35,3700
1788168600,319.37,319.61,319.37,319.58,6477
1788169500,319.59,319.9,319.35,319.49,11927
1788170400,319.58,319.62,319.52,319.58,2183
1788171300,319.58,319.6,319.3,319.35,10586
1788172200,319.39,319.55,319.39,319.48,3731
1788173100,319.51,319.64,319.37,319.4,3863
1788174000,319.4,319.54,319.19,319.19,19475
1788174900,319.27,319.43,318.6,318.7,11214
1788175800,318.79,319.23,318.73,318.86,10854
1788176700,318.93,318.96,318.77,318.92,315992
1788177600,318.84,319.0,318.42,318.7,21840
1788178500,318.75,318.96,318.4,318.4,13852
1788179400,318.62,318.75,318.46,318.75,12740
1788180300,318.62,319.08,318.62,319.05,18755
1788181200,319.05,320.3,319.0,320.2,76074
1788182100,320.21,320.58,319.32,319.6,84838
1788183000,319.6,321.24,317.04,317.38,2460323
1788183900,317.38,318.1,316.74,317.26,1333838
1788184800,317.2,317.25,315.77,316.51,1152516
1788185700,316.48,316.86,315.45,315.71,812123
1788186600,315.71,315.71,314.35,314.98,999642
1788187500,314.97,315.63,314.72,315.38,797633
1788188400,315.38,315.82,315.03,315.33,696794
1788189300,315.33,315.44,314.9,315.07,812914
1788190200,315.05,315.23,314.61,314.92,573552
1788191100,314.92,315.15,314.59,314.66,501858
1788192000,314.67,314.71,313.94,314.46,734853
1788192900,314.47,314.87,314.0,314.67,626361
1788193800,314.67,316.08,312.8,313.48,2186453
1788194700,313.48,313.92,313.39,313.76,580649
1788195600,313.76,314.06,313.41,314.03,518559
1788196500,314.04,314.26,313.76,313.88,608615
1788197400,313.85,314.24,313.38,314.17,594436
1788198300,314.17,315.19,314.17,315.07,673590
1788199200,315.08,315.71,314.91,315.36,759410
1788200100,315.36,316.02,315.13,315.69,667541
1788201000,315.68,315.92,315.01,315.27,532617
1788201900,315.27,315.47,315.18,315.39,399760
1788202800,315.39,316.07,315.39,316.02,592045
1788203700,316.01,316.16,315.66,316.02,703103
1788204600,316.03,316.51,315.75,316.45,1109411
1788205500,316.44,317.76,315.71,317.15,3896419
1788206400,317.25,317.25,316.47,316.68,803373
1788207300,316.63,316.86,316.22,316.5,251440
1788208200,316.65,316.85,316.5,316.8,37870
1788209100,316.8,316.9,316.56,316.9,824290
1788210000,316.98,317.1,316.91,317.01,8190
1788210900,317.0,317.1,317.0,317.05,5717
1788211800,317.06,317.11,317.05,317.11,5678
1788212700,317.06,317.15,317.05,317.07,1703
1788213600,317.05,317.1,317.05,317.08,4264
1788214500,317.06,317.08,317.05,317.08,5445
1788215400,317.05,317.1,317.05,317.06,3860
1788216300,317.05,317.08,316.71,316.94,7549
1788217200,316.92,316.93,316.79,316.8,5194
1788218100,316.82,316.86,316.71,316.8,1193
1788219000,316.85,316.97,316.85,316.96,2187
1788219900,316.98,317.0,316.91,317.0,4208
1788249600,316.55,317.06,316.0,316.21,58604
1788250500,316.15,316.19,315.81,316.18,13682
1788251400,316.1,316.15,315.52,315.59,10651
1788252300,315.83,315.83,315.5,315.65,6249
1788253200,315.75,316.1,315.66,316.0,15846
1788254100,316.0,316.29,315.66,316.17,7903
1788255000,316.22,316.22,315.76,315.8,14595
1788255900,315.82,315.88,315.7,315.7,9608
1788256800,315.7,315.9,315.5,315.79,21112
1788257700,315.75,316.1,315.75,316.0,3893
1788258600,316.03,316.1,315.8,315.8,4562
1788259500,315.78,316.0,315.75,315.87,6796
1788260400,315.9,316.2,315.73,316.2,20334
1788261300,316.04,316.74,316.04,316.3,20450
1788262200,316.36,316.71,316.19,316.7,9376
1788263100,316.7,317.11,316.55,316.69,19496
1788264000,316.65,317.11,316.55,316.67,364467
1788264900,316.62,316.9,316.52,316.79,20570
1788265800,316.8,317.74,316.62,317.31,32518
1788266700,317.35,317.42,316.53,316.56,37729
1788267600,316.51,316.56,316.03,316.49,40437
1788268500,316.31,317.26,315.82,317.0,63316
1788269400,316.98,319.34,314.73,319.15,3127020
1788270300,319.15,322.75,319.02,322.69,4114916
1788271200,322.69,323.53,321.47,323.4,3250562
1788272100,323.4,325.39,323.03,325.34,3233262
1788273000,325.34,325.86,324.24,324.74,2520722
1788273900,324.74,325.25,324.24,324.38,1306791
1788274800,324.39,324.39,322.74,323.36,1634325
1788275700,323.36,325.44,323.33,324.6,1598536
1788276600,324.62,325.28,324.02,325.15,1005629
1788277500,325.17,327.23,324.87,326.36,2330301
1788278400,326.38,326.54,325.52,325.54,955183
1788279300,325.54,327.3,325.34,326.66,1212136
1788280200,326.68,326.88,325.4,325.53,1227657
1788281100,325.51,326.27,325.32,325.86,981900
1788282000,325.85,325.97,324.95,325.06,1428112
1788282900,325.06,325.35,324.48,324.65,859928
1788283800,324.69,324.92,324.32,324.86,644087
1788284700,324.88,325.22,324.5,325.21,612768
1788285600,325.22,325.75,324.76,324.93,793786
1788286500,324.93,325.53,324.63,325.21,829249
1788287400,325.2,325.24,324.39,324.54,663225
1788288300,324.54,325.86,324.46,325.55,1035068
1788289200,325.54,325.85,325.06,325.78,901303
1788290100,325.76,325.93,325.38,325.59,899294
1788291000,325.61,325.74,325.14,325.37,1039816
1788291900,325.38,325.89,324.1,325.14,4715490
1788292800,325.13,325.33,324.85,324.85,315112
1788293700,324.84,325.05,324.66,324.8,23293
1788294600,324.81,325.13,324.65,324.8,18445
1788295500,324.75,325.13,324.75,325.13,75223
1788296400,324.95,325.0,324.75,324.75,4734
1788297300,324.71,324.78,324.63,324.64,7372
1788298200,324.72,324.78,324.63,324.69,4839
1788299100,324.72,324.73,324.57,324.65,5938
1788300000,324.69,324.99,324.61,324.7,16817
1788300900,324.65,324.85,324.63,324.66,4512
1788301800,324.8,324.85,324.69,324.74,3580
1788302700,324.77,324.98,324.77,324.88,4865
1788303600,324.84,324.98,324.84,324.85,4008
1788304500,324.83,324.95,324.78,324.89,9395
1788305400,324.93,325.0,324.86,325.0,6257
1788306300,325.0,325.14,324.86,325.14,13442
1788336000,324.66,325.36,324.03,324.88,36979
1788336900,324.95,325.02,324.61,324.86,3813
1788337800,324.8,324.92,324.55,324.57,2749
1788338700,324.74,324.81,324.45,324.62,8348
1788339600,324.63,324.77,324.49,324.64,2980
1788340500,324.57,324.69,324.49,324.63,11752
1788341400,324.69,324.69,324.49,324.49,9064
1788342300,324.6,324.99,324.54,324.54,6643
1788343200,324.7,324.8,324.58,324.69,4493
1788344100,324.75,324.9,324.56,324.77,4852
1788345000,324.93,325.0,324.6,324.61,9842
1788345900,324.68,325.11,324.6,325.11,8463
1788346800,325.15,326.25,325.08,325.98,54741
1788347700,325.96,326.0,325.14,325.81,17269
1788348600,325.85,326.35,325.68,326.33,22769
1788349500,326.35,326.57,326.03,326.54,27011
1788350400,326.52,326.67,326.0,326.63,82798
1788351300,326.5,326.83,326.5,326.67,51144
1788352200,326.7,326.97,326.5,326.54,125434
1788353100,326.5,326.94,326.5,326.86,76116
1788354000,326.95,327.1,326.7,326.77,69428
1788354900,326.8,327.5,326.1,326.76,102532
1788355800,326.87,328.4,324.07,325.45,2915704
1788356700,325.45,325.57,324.43,325.18,1614353
1788357600,325.18,325.2,323.53,323.99,1966529
1788358500,323.97,324.95,323.6,324.57,889558
1788359400,324.58,324.84,324.0,324.73,773895
1788360300,324.73,325.08,324.15,324.62,844142
1788361200,324.65,324.94,324.11,324.47,549291
1788362100,324.48,326.55,324.45,326.55,1042728
1788363000,326.53,327.06,324.91,325.11,1993622
1788363900,325.09,325.49,323.89,325.01,1283696
1788364800,325.01,326.19,324.95,325.3,1454559
1788365700,325.28,325.33,324.11,324.67,927583
1788366600,324.66,325.69,324.62,325.4,732675
1788367500,325.4,326.24,325.37,326.12,748812
1788368400,326.13,326.5,325.44,325.56,706554
1788369300,325.56,326.0,325.06,325.07,503841
1788370200,325.07,325.5,324.68,325.33,533531
1788371100,325.36,326.19,325.27,325.95,643902
1788372000,325.97,326.33,325.72,326.0,721622
1788372900,325.99,326.49,325.96,326.3,645694
1788373800,326.31,326.44,325.18,325.34,604745
1788374700,325.35,325.4,324.85,325.0,600381
1788375600,324.99,325.82,324.6,325.53,829432
1788376500,325.54,325.74,325.28,325.64,747706
1788377400,325.64,325.95,324.96,325.19,984662
1788378300,325.2,325.52,324.67,325.0,2081022
1788379200,324.96,325.12,324.8,324.92,1028325
1788380100,324.92,325.04,324.7,325.0,23384
1788381000,325.0,325.07,324.95,325.0,30252
1788381900,325.02,325.04,324.9,324.98,9636
1788382800,324.97,325.0,324.96,324.96,4508
1788383700,324.96,325.0,323.99,324.35,19961
1788384600,324.32,324.83,324.31,324.83,10090
1788385500,324.75,324.96,324.57,324.6,6636
1788386400,324.61,324.67,324.17,324.49,7233
1788387300,324.4,324.76,324.26,324.45,7106
1788388200,324.46,324.75,324.46,324.74,4253
1788389100,324.64,324.79,324.58,324.6,2142
1788390000,324.68,324.79,324.6,324.68,4218
1788390900,324.55,324.72,324.55,324.71,1635
1788391800,324.72,324.78,324.61,324.72,1794
1788392700,324.75,324.95,324.74,324.74,6309
1788422400,325.4,325.65,324.0,325.22,82786
1788423300,325.4,325.5,325.2,325.48,3736
1788424200,325.5,325.5,325.12,325.12,2803
1788425100,325.19,325.26,325.1,325.1,1813
1788426000,325.13,325.22,325.0,325.08,5771
1788426900,325.0,325.0,324.87,324.97,5520
1788427800,325.05,325.1,324.9,325.1,2850
1788428700,324.95,324.99,324.62,324.7,5396
1788429600,324.71,324.87,324.6,324.6,3387
1788430500,324.71,324.89,324.6,324.7,2605
1788431400,324.65,324.72,324.4,324.48,6321
1788432300,324.45,324.54,324.01,324.01,9018
1788433200,324.23,324.46,324.0,324.2,25373
1788434100,324.23,324.5,324.15,324.16,14889
1788435000,324.17,324.29,323.68,324.25,15272
1788435900,324.13,324.29,323.65,323.65,25376
1788436800,323.65,324.07,323.35,323.99,34515
1788437700,323.98,324.15,323.6,324.0,21538
1788438600,323.94,324.52,323.89,324.06,38068
1788439500,324.08,324.74,323.87,324.7,49463
1788440400,324.67,324.67,323.83,324.2,38081
1788441300,324.18,325.04,323.75,324.85,53819
1788442200,324.87,327.5,324.11,326.49,2253422
1788443100,326.47,326.97,325.57,326.72,1185651
1788444000,326.65,328.13,325.94,328.13,1168612
1788444900,328.13,330.32,328.0,329.71,2509678
1788445800,329.71,330.69,327.9,328.32,1831961
1788446700,328.32,328.92,327.59,327.99,1238780
1788447600,328.02,330.81,328.01,330.46,1287357
1788448500,330.48,330.76,329.48,329.85,1556982
1788449400,329.85,330.49,329.24,329.68,891999
1788450300,329.69,329.88,329.28,329.77,503492
1788451200,329.76,330.06,329.44,330.02,701901
1788452100,330.03,330.57,329.52,330.07,891693
1788453000,330.04,330.24,329.71,329.83,591081
1788453900,329.83,329.86,328.88,328.94,519597
1788454800,328.95,329.02,328.06,328.12,564360
1788455700,328.11,328.33,327.45,327.73,812338
1788456600,327.73,328.04,326.74,326.92,831519
1788457500,326.92,327.32,326.68,326.9,635108
1788458400,326.9,327.47,326.88,327.33,792399
1788459300,327.32,327.56,326.92,327.12,622777
1788460200,327.14,327.29,326.87,326.9,676727
1788461100,326.87,327.26,326.51,327.19,897275
1788462000,327.2,327.64,327.05,327.35,651313
1788462900,327.34,327.84,327.25,327.8,740992
1788463800,327.79,327.85,327.41,327.78,853740
1788464700,327.8,328.84,327.72,328.21,2677474
1788465600,328.21,328.21,327.84,327.98,975088
1788466500,327.89,328.21,327.72,327.95,224026
1788467400,327.93,328.21,327.87,328.0,83486
1788468300,327.95,328.09,327.93,327.99,52764
1788469200,327.95,328.0,327.93,327.94,5895
1788470100,327.95,327.98,327.93,327.93,3601
1788471000,327.95,328.0,327.93,327.94,4088
1788471900,327.98,328.0,327.93,328.0,2700
1788472800,327.97,327.99,327.8,327.9,4770
1788473700,327.91,328.0,327.9,327.97,3314
1788474600,327.96,327.99,327.8,327.99,3682
1788475500,327.93,327.98,327.84,327.84,1071
1788476400,327.99,327.99,327.79,327.79,2310
1788477300,327.95,327.97,327.82,327.82,795
1788478200,327.94,327.94,327.82,327.86,1628
1788479100,327.82,327.96,327.7,327.7,7089
1788508800,326.5,328.36,326.35,326.97,60872
1788509700,327.02,327.3,326.9,327.28,6623
1788510600,327.18,327.45,327.12,327.39,3336
1788511500,327.38,327.44,327.0,327.11,11351
1788512400,327.22,327.39,326.82,327.25,10353
1788513300,327.4,327.42,326.81,326.92,4531
1788514200,326.97,327.12,326.85,326.99,2674
1788515100,326.97,326.97,325.8,326.12,29919
1788516000,326.15,326.42,326.0,326.3,6059
1788516900,326.29,326.6,325.65,326.44,25466
1788517800,326.5,326.7,326.21,326.5,4122
1788518700,326.58,326.8,326.55,326.57,5376
1788519600,326.6,326.8,326.46,326.55,23863
1788520500,326.55,326.99,326.31,326.94,18672
1788521400,326.95,327.19,326.85,327.08,29775
1788522300,327.07,327.86,327.02,327.5,19951
1788523200,327.75,327.75,326.3,326.32,49216
1788524100,326.44,326.88,326.15,326.76,23127
1788525000,326.88,327.69,325.88,327.26,68728
1788525900,327.26,328.3,327.24,327.56,59201
1788526800,327.6,327.84,327.29,327.7,27366
1788527700,327.66,328.43,327.4,328.3,48116
1788528600,328.31,328.93,324.28,324.85,2621700
1788529500,324.87,324.89,323.06,323.69,1976567
1788530400,323.62,323.66,321.21,321.23,1924726
1788531300,321.22,321.89,320.44,320.71,2122139
1788532200,320.71,321.16,319.88,320.03,1665579
1788533100,320.04,320.23,318.3,318.44,1635836
1788534000,318.44,319.4,317.86,319.28,1840335
1788534900,319.29,319.51,318.57,319.47,1085520
1788535800,319.47,320.59,319.11,320.34,1253413
1788536700,320.33,321.28,320.16,321.02,1102111
1788537600,321.02,321.27,320.66,321.05,858304
1788538500,321.04,321.33,320.42,320.5,794396
1788539400,320.52,321.14,320.41,320.84,586781
1788540300,320.85,321.24,320.77,321.04,585787
1788541200,321.05,321.59,320.93,321.21,739335
1788542100,321.22,321.9,321.19,321.69,741981
1788543000,321.68,321.68,320.72,320.96,562952
1788543900,320.96,321.44,320.88,321.01,493061
1788544800,321.02,321.31,320.93,321.29,452102
1788545700,321.27,321.31,320.87,320.87,449099
1788546600,320.88,321.36,320.86,321.35,468626
1788547500,321.36,321.83,321.33,321.67,681225
1788548400,321.67,322.1,321.38,321.99,742027
1788549300,322.0,322.04,321.64,321.79,791002
1788550200,321.77,321.81,320.64,320.67,885848
1788551100,320.66,321.3,319.65,319.99,3410046
1788552000,319.97,320.05,319.6,319.97,1170173
1788552900,319.99,320.05,319.94,320.01,62279
1788553800,320.05,320.1,319.6,319.87,102939
1788554700,319.97,319.99,319.6,319.76,96989
1788555600,319.79,319.95,319.75,319.87,15322
1788556500,319.86,320.02,319.85,319.95,781810
1788557400,319.93,319.98,319.86,319.86,7132
1788558300,319.96,319.98,319.91,319.97,5485
1788559200,319.97,320.1,319.95,320.05,11338
1788560100,320.1,320.24,320.01,320.1,9695
1788561000,320.1,320.2,320.1,320.16,5625
1788561900,320.1,320.2,320.1,320.19,8034
1788562800,320.2,320.2,320.17,320.2,4658
1788563700,320.19,320.2,320.1,320.16,8347
1788564600,320.16,320.16,320.0,320.1,5632
1788565500,320.1,320.15,320.01,320.01,10160
1788854400,319.0,319.58,318.25,318.92,102528
1788855300,318.73,318.81,318.49,318.5,10647
1788856200,318.4,318.57,318.38,318.4,6298
1788857100,318.44,318.63,318.4,318.49,6699
1788858000,318.59,318.89,318.53,318.59,3736
1788858900,318.55,318.67,318.52,318.54,7664
1788859800,318.55,318.7,318.5,318.65,17315
1788860700,318.57,319.1,318.52,318.75,14757
1788861600,318.76,318.9,318.66,318.77,4390
1788862500,318.75,319.14,318.59,318.6,11787
1788863400,318.64,318.77,318.52,318.64,10876
1788864300,318.55,318.73,318.52,318.52,9616
1788865200,318.6,318.98,318.5,318.65,38638
1788866100,318.69,318.81,318.52,318.56,15839
1788867000,318.52,318.55,318.11,318.23,22982
1788867900,318.17,318.55,318.06,318.45,17763
1788868800,318.25,318.79,318.05,318.05,24101
1788869700,318.05,318.24,317.91,318.14,41311
1788870600,318.12,318.28,318.0,318.11,76029
1788871500,318.09,318.29,317.64,317.78,36986
1788872400,317.76,318.08,317.3,318.08,63047
1788873300,318.04,318.25,316.67,317.39,88596
1788874200,317.1,320.7,315.7,317.52,3183760
1788875100,317.5,317.65,315.97,316.9,1268199
1788876000,316.92,317.27,315.73,315.88,1350797
1788876900,315.87,316.0,315.29,315.67,1404530
1788877800,315.67,316.27,315.27,316.09,952797
1788878700,316.1,316.38,315.62,315.97,817103
1788879600,316.0,316.57,315.72,316.2,1046832
1788880500,316.2,316.78,315.75,316.25,812214
1788881400,316.24,316.82,316.02,316.42,726942
1788882300,316.41,316.6,316.0,316.08,649051
1788883200,316.06,316.27,315.54,315.58,696118
1788884100,315.59,316.14,315.46,316.08,721247
1788885000,316.1,316.18,315.88,316.09,545775
1788885900,316.08,316.18,315.75,315.99,526579
1788886800,315.99,316.56,315.95,316.19,532646
1788887700,316.17,316.28,315.79,316.27,436061
1788888600,316.27,316.33,316.04,316.26,576803
1788889500,316.26,316.3,315.94,316.03,478823
1788890400,316.02,316.52,315.97,316.32,485851
1788891300,316.33,316.74,315.95,316.39,696031
1788892200,316.39,316.54,315.38,315.47,900953
1788893100,315.47,315.98,314.9,315.53,1168717
1788894000,315.52,316.53,315.35,316.09,871960
1788894900,316.09,316.09,315.52,315.8,753514
1788895800,315.8,316.36,315.52,316.18,896379
1788896700,316.19,316.85,315.7,316.26,2740513
1788897600,316.22,316.75,315.86,316.22,1239497
1788898500,316.21,316.36,316.12,316.15,19315
1788899400,316.26,316.31,316.15,316.21,24747
1788900300,316.21,316.4,316.2,316.3,69677
1788901200,316.4,316.46,316.3,316.31,7615
1788902100,316.31,316.4,316.3,316.4,8851
1788903000,316.39,316.45,316.3,316.45,309111
1788903900,316.4,316.43,316.3,316.31,4138
1788904800,316.3,316.43,316.02,316.36,6124
1788905700,316.31,316.37,316.08,316.26,5333
1788906600,316.26,316.37,316.13,316.37,5982
1788907500,316.32,316.44,316.3,316.43,12254
1788908400,316.44,316.49,316.35,316.46,8405
1788909300,316.45,316.45,316.19,316.22,8386
1788910200,316.28,316.36,316.25,316.32,5309
1788911100,316.35,316.4,316.16,316.35,6550
1788940800,316.89,317.96,316.5,316.73,91706
1788941700,316.66,316.83,316.38,316.42,19513
1788942600,316.42,316.6,316.2,316.2,18497
1788943500,316.21,316.33,316.0,316.0,25557
1788944400,316.0,316.31,316.0,316.28,17152
1788945300,316.22,316.28,315.99,316.13,17021
1788946200,316.05,316.15,315.75,315.88,20558
1788947100,315.85,315.99,315.5,315.75,11345
1788948000,315.62,316.07,315.61,315.99,18214
1788948900,315.96,316.61,315.94,316.11,11982
1788949800,316.06,316.06,315.58,315.66,16661
1788950700,315.66,315.83,315.25,315.42,18394
1788951600,315.3,315.4,315.03,315.16,37385
1788952500,315.17,315.73,315.06,315.58,22053
1788953400,315.57,315.58,315.18,315.28,18087
1788954300,315.28,315.66,315.11,315.17,21478
1788955200,315.23,315.4,314.95,315.0,36532
1788956100,314.91,315.26,314.73,315.14,37670
1788957000,315.09,315.47,315.0,315.2,17706
1788957900,315.25,315.35,314.9,315.16,39258
1788958800,315.11,315.39,315.01,315.25,37077
1788959700,315.18,315.69,314.81,315.44,58692
1788960600,315.49,316.21,315.02,315.85,2250083
1788961500,315.85,318.0,315.5,317.87,1655014
1788962400,317.86,318.13,315.51,315.54,1732848
1788963300,315.55,315.69,314.33,314.75,1553709
1788964200,314.71,314.72,312.95,313.24,1484651
1788965100,313.22,313.75,313.1,313.38,1170729
1788966000,313.39,313.42,312.17,312.23,1498321
1788966900,312.23,312.76,312.11,312.5,1085465
1788967800,312.5,313.59,312.22,313.29,1444405
1788968700,313.28,313.6,312.92,313.18,971565
1788969600,313.17,313.5,312.86,313.38,715470
1788970500,313.37,313.71,313.24,313.67,1559989
1788971400,313.67,314.38,313.44,314.34,920254
1788972300,314.33,314.37,313.58,314.01,1004903
1788973200,314.0,315.0,312.31,312.86,2985759
1788974100,312.83,313.11,310.97,311.74,3065241
1788975000,311.74,313.34,311.05,312.52,2739366
1788975900,312.51,314.36,312.13,313.25,3083490
1788976800,313.25,313.79,310.05,310.05,3136041
1788977700,310.06,313.43,309.9,312.13,5212489
1788978600,312.13,314.28,311.95,314.12,1571364
1788979500,314.11,319.15,313.76,316.67,6623804
1788980400,316.68,317.2,315.14,315.86,3167806
1788981300,315.88,316.36,315.16,315.57,1524927
1788982200,315.58,315.89,314.88,315.77,1559119
1788983100,315.76,315.94,315.02,315.42,3409992
1788984000,315.34,316.05,315.22,315.83,476345
1788984900,315.83,316.1,315.34,315.92,99650
1788985800,315.95,316.0,315.34,315.86,102347
1788986700,315.87,316.0,315.86,315.94,42796
1788987600,315.91,315.98,315.88,315.92,18226
1788988500,315.95,315.98,315.87,315.88,10664
1788989400,315.85,316.18,315.85,316.18,37216
1788990300,316.17,317.6,316.17,317.38,148213
1788991200,317.3,317.5,316.9,317.03,47581
1788992100,317.0,317.55,316.81,317.52,37548
1788993000,317.48,317.65,317.3,317.48,47879
1788993900,317.35,317.64,317.28,317.6,33964
1788994800,317.63,317.69,317.2,317.27,23858
1788995700,317.27,317.98,317.27,317.98,34100
1788996600,317.94,318.2,317.8,318.14,51365
1788997500,318.15,318.16,317.56,318.1,35776
1789027200,317.5,318.1,316.75,318.1,134277
1789028100,318.1,318.87,317.86,318.8,50920
1789029000,318.67,318.95,318.51,318.7,40035
1789029900,318.7,319.5,318.7,319.5,49953
1789030800,319.5,319.5,318.63,318.89,33250
1789031700,318.99,319.0,318.42,318.45,20377
1789032600,318.42,318.96,318.31,318.96,19938
1789033500,319.0,319.1,318.62,318.83,22123
1789034400,318.95,319.11,318.8,318.81,18411
1789035300,318.99,319.15,318.73,319.12,15949
1789036200,319.07,320.0,318.89,319.62,50422
1789037100,319.6,319.65,319.01,319.03,58509
1789038000,319.05,319.32,318.52,318.8,62854
1789038900,318.87,318.9,318.26,318.26,38726
1789039800,318.32,318.6,318.03,318.11,47777
1789040700,318.1,318.22,317.06,317.67,101817
1789041600,317.7,318.32,317.6,318.07,70503
1789042500,318.07,318.29,317.38,317.85,53154
1789043400,317.82,317.9,316.4,316.55,144634
1789044300,316.54,317.45,316.2,316.65,157766
1789045200,316.65,317.5,316.65,317.29,109393
1789046100,317.26,317.69,316.0,316.57,154825
1789047000,316.67,323.13,316.51,319.94,8018116
1789047900,319.94,321.18,317.84,318.93,2898887
1789048800,318.84,320.0,318.11,319.34,2171820
1789049700,319.31,320.0,318.75,318.95,1254989
1789050600,319.01,320.85,318.87,320.05,1636864
1789051500,320.06,323.19,319.79,323.01,2772610
1789052400,323.04,323.37,321.77,321.94,2429486
1789053300,321.92,323.82,321.59,323.71,1874582
1789054200,323.67,324.35,322.38,322.49,2759939
1789055100,322.46,322.63,319.21,319.57,3229742
1789056000,319.56,320.49,319.2,320.13,1935735
1789056900,320.13,321.92,319.96,321.9,1702118
1789057800,321.86,324.73,321.26,324.48,2790858
1789058700,324.49,324.83,323.03,323.36,2619800
1789059600,323.35,323.99,322.85,323.55,1297300
1789060500,323.56,324.87,323.42,324.82,1672929
1789061400,324.84,325.68,324.35,325.44,2668863
1789062300,325.44,325.65,324.95,325.01,1409855
1789063200,325.02,325.19,323.45,323.65,1562872
1789064100,323.65,324.47,323.38,324.12,1203716
1789065000,324.11,324.56,323.63,324.4,930497
1789065900,324.4,325.5,324.21,325.37,1316639
1789066800,325.38,325.88,324.94,325.79,1603268
1789067700,325.79,326.12,325.19,325.29,1605045
1789068600,325.27,325.83,325.17,325.4,1438941
1789069500,325.37,326.74,325.17,326.6,4141634
1789070400,326.52,326.72,326.29,326.49,424920
1789071300,326.5,326.57,326.42,326.44,71063
1789072200,326.44,326.57,326.0,326.11,131261
1789073100,326.1,326.2,325.9,325.93,51738
1789074000,325.92,326.57,325.85,325.86,23854
1789074900,325.9,325.98,325.85,325.94,17681
1789075800,325.9,326.1,325.85,326.05,16917
1789076700,326.0,326.31,326.0,326.22,12853
1789077600,326.26,326.44,326.21,326.39,13696
1789078500,326.36,326.49,326.22,326.22,13524
1789079400,326.26,326.26,326.05,326.2,7851
1789080300,326.09,326.3,326.0,326.02,8770
1789081200,326.02,326.15,326.0,326.08,8567
1789082100,326.0,326.07,325.75,325.75,15791
1789083000,325.75,325.9,325.67,325.9,9462
1789083900,325.91,325.98,325.75,325.8,20612
1789113600,325.85,326.7,325.5,325.93,104202
1789114500,325.91,326.5,325.88,326.02,6451
1789115400,326.01,326.2,325.13,325.2,14622
1789116300,325.18,326.0,325.13,325.75,8029
1789117200,325.75,326.2,325.67,325.67,6027
1789118100,325.63,325.73,325.26,325.4,14946
1789119000,325.5,325.65,325.32,325.58,4248
1789119900,325.7,326.0,325.65,325.82,6909
1789120800,325.96,325.96,325.7,325.74,6015
1789121700,325.83,325.94,325.7,325.75,4719
1789122600,325.68,326.32,325.68,326.21,9985
1789123500,326.14,326.2,326.04,326.1,4314
1789124400,326.13,326.46,326.1,326.44,37718
1789125300,326.4,326.57,326.26,326.53,19605
1789126200,326.52,326.74,326.42,326.73,28030
1789127100,326.68,326.79,326.59,326.72,13605
1789128000,326.68,327.39,326.0,326.5,36628
1789128900,326.47,326.57,325.8,326.49,65754
1789129800,326.5,326.57,324.5,325.42,127966
1789130700,325.37,326.3,325.31,326.23,60871
1789131600,326.07,326.77,326.06,326.3,65570
1789132500,326.32,327.7,325.77,327.63,166732
1789133400,327.45,334.27,326.3,333.35,7271276
1789134300,333.39,333.76,331.01,332.47,2689869
1789135200,332.4,332.93,331.66,331.7,1549627
1789136100,331.74,334.59,331.66,334.09,2193079
1789137000,334.09,334.91,332.42,334.7,2645308
1789137900,334.71,335.43,334.21,334.98,2772719
1789138800,335.0,336.22,334.94,335.54,2147642
1789139700,335.51,336.16,335.08,335.57,1453255
1789140600,335.54,335.54,334.62,334.79,1315948
1789141500,334.79,334.85,333.69,333.92,1273194
1789142400,333.95,334.77,333.63,334.69,1137539
1789143300,334.67,334.84,333.96,334.17,1013108
1789144200,334.17,334.44,333.93,334.13,747538
1789145100,334.15,334.83,333.93,334.75,717154
1789146000,334.75,334.85,334.12,334.35,573519
1789146900,334.36,334.47,333.82,333.95,542180
1789147800,333.96,334.3,333.13,333.21,875969
1789148700,333.22,333.47,332.74,333.38,1059943
1789149600,333.38,333.83,332.57,332.8,1044405
1789150500,332.82,333.06,332.55,332.87,592837
1789151400,332.86,333.19,332.73,332.9,705606
1789152300,332.9,333.05,332.39,332.52,901992
1789153200,332.51,333.0,332.4,332.56,881567
1789154100,332.56,332.93,332.48,332.64,1673479
1789155000,332.68,333.07,332.46,332.64,936788
1789155900,332.63,332.89,332.06,332.23,2689747
1789156800,332.27,332.63,332.11,332.54,681943
1789157700,332.5,332.67,332.35,332.54,49026
1789158600,332.55,332.6,332.27,332.46,108164
1789159500,332.44,332.8,332.44,332.72,39092
1789160400,332.69,332.69,332.46,332.6,7886
1789161300,332.59,332.6,332.48,332.51,11652
1789162200,332.52,332.52,332.45,332.45,4036
1789163100,332.5,332.5,332.45,332.49,1921
1789164000,332.5,332.75,332.49,332.6,7540
1789164900,332.58,332.73,332.55,332.55,3521
1789165800,332.61,332.7,332.51,332.6,14326
1789166700,332.62,332.64,332.51,332.55,5310
1789167600,332.55,332.55,332.51,332.55,2154
1789168500,332.54,332.6,332.51,332.52,6917
1789169400,332.52,332.55,332.51,332.54,9041
1789170300,332.54,332.6,332.52,332.58,15157
1789372800,330.01,332.0,328.75,331.71,111562
1789373700,331.8,331.9,331.08,331.11,14000
1789374600,331.05,331.05,330.38,330.47,15405
1789375500,330.48,331.03,330.12,331.03,17814
1789376400,331.1,331.27,330.25,330.25,12631
1789377300,330.24,330.92,330.12,330.87,14586
1789378200,330.87,331.38,330.85,331.33,13819
1789379100,331.15,331.6,331.11,331.29,9787
1789380000,331.2,331.65,331.11,331.43,9358
1789380900,331.61,331.88,331.41,331.76,14116
1789381800,331.74,331.81,331.35,331.35,7702
1789382700,331.37,332.89,331.31,332.55,54715
1789383600,332.55,334.0,332.5,333.31,93503
1789384500,333.32,334.24,333.04,333.5,94602
1789385400,333.5,333.89,333.35,333.84,40208
1789386300,333.78,333.88,333.13,333.25,24829
1789387200,333.26,333.31,332.15,332.54,65924
1789388100,332.54,333.1,332.31,332.45,43153
1789389000,332.4,332.61,331.8,332.35,48061
1789389900,332.49,333.7,332.35,333.61,70846
1789390800,333.67,334.0,333.22,333.85,73268
1789391700,333.78,335.38,333.45,334.75,176994
1789392600,334.79,334.83,331.34,332.5,3718445
1789393500,332.46,335.08,332.03,333.94,2763055
1789394400,333.94,334.64,333.41,333.51,1275725
1789395300,333.52,333.57,332.47,333.19,1164783
1789396200,333.18,333.47,332.42,332.97,1141316
1789397100,332.96,333.2,332.12,332.93,1170415
1789398000,332.98,333.46,332.42,332.71,869536
1789398900,332.72,333.13,332.33,332.66,731180
1789399800,332.65,334.65,332.64,334.39,1355280
1789400700,334.4,335.5,334.4,335.04,1398918
1789401600,335.06,335.49,334.45,334.9,898752
1789402500,334.91,335.04,334.31,334.58,689506
1789403400,334.59,334.99,334.1,334.89,665037
1789404300,334.88,335.26,334.54,334.86,749854
1789405200,334.86,335.21,334.19,334.8,744838
1789406100,334.78,334.81,334.0,334.61,567403
1789407000,334.62,334.71,334.26,334.56,409428
1789407900,334.56,334.66,333.81,333.88,597919
1789408800,333.88,334.16,333.56,334.14,515533
1789409700,334.15,334.54,334.04,334.49,440776
1789410600,334.49,334.61,333.48,334.53,964663
1789411500,334.54,334.76,334.12,334.14,692704
1789412400,334.17,335.38,333.84,335.25,1198373
1789413300,335.24,335.42,334.29,334.4,1055012
1789414200,334.4,334.59,333.93,333.93,946654
1789415100,333.94,334.41,333.0,333.05,3237751
1789416000,333.08,333.29,332.88,333.03,728686
1789416900,333.02,333.04,332.82,332.92,145525
1789417800,332.92,333.08,332.82,333.08,29904
1789418700,332.88,333.0,332.82,332.9,6923
1789419600,332.89,333.0,332.76,332.9,31990
1789420500,332.9,332.98,332.81,332.83,4004
1789421400,332.81,332.86,332.79,332.79,2742
1789422300,332.78,332.82,332.76,332.8,2799
1789423200,332.81,332.9,332.6,332.65,4318
1789424100,332.69,332.69,332.48,332.5,9110
1789425000,332.51,332.6,332.38,332.5,2742
1789425900,332.39,332.5,332.37,332.47,5647
1789426800,332.42,332.5,332.37,332.49,7821
1789427700,332.43,332.43,332.1,332.28,5295
1789428600,332.21,332.48,332.2,332.2,6000
1789429500,332.21,332.38,332.11,332.21,6458
1789459200,331.08,331.65,330.09,331.31,86249
1789460100,331.2,331.29,330.63,331.04,14466
1789461000,330.95,331.19,330.95,330.95,2200
1789461900,331.03,331.05,330.75,330.82,4375
1789462800,330.75,330.82,330.56,330.56,7939
1789463700,330.65,330.73,330.58,330.73,4295
1789464600,330.71,330.9,330.64,330.81,6106
1789465500,330.66,330.82,330.6,330.75,5051
1789466400,330.78,330.82,330.46,330.47,5535
1789467300,330.46,330.59,330.09,330.57,34837
1789468200,330.37,330.6,330.37,330.49,2766
1789469100,330.45,331.0,330.45,331.0,6492
1789470000,331.06,331.24,330.5,331.09,24220
1789470900,331.02,331.2,330.82,331.07,12423
1789471800,330.94,331.14,330.8,331.09,6150
1789472700,331.11,331.49,331.0,331.3,14859
1789473600,331.37,331.8,331.24,331.65,16655
1789474500,331.59,331.65,331.26,331.28,13295
1789475400,331.23,331.39,331.08,331.2,12512
1789476300,331.21,331.51,331.07,331.45,17351
1789477200,331.44,331.52,331.13,331.37,23672
1789478100,331.37,331.81,329.76,330.19,108926
1789479000,330.13,331.5,328.35,330.31,2287167
1789479900,330.33,331.59,330.02,330.71,1428767
1789480800,330.74,330.74,329.41,329.76,1610438
1789481700,329.78,330.27,329.29,329.55,809130
1789482600,329.45,329.98,328.87,329.53,1063734
1789483500,329.52,330.3,329.42,329.76,932013
1789484400,329.79,330.1,329.05,329.52,662886
1789485300,329.5,330.33,329.26,329.91,1947120
1789486200,329.92,330.01,329.34,329.9,564899
1789487100,329.9,330.04,329.29,329.61,514123
1789488000,329.61,330.43,329.5,330.11,575226
1789488900,330.1,330.87,330.0,330.42,532826
1789489800,330.4,330.63,329.77,329.92,565991
1789490700,329.93,330.19,329.42,329.54,479888
1789491600,329.53,329.96,329.48,329.84,635282
1789492500,329.81,330.06,329.65,330.03,357391
1789493400,330.04,330.57,330.04,330.52,441837
1789494300,330.52,330.78,330.23,330.42,436895
1789495200,330.42,330.83,330.32,330.68,448261
1789496100,330.68,330.74,330.15,330.41,407811
1789497000,330.4,330.5,330.09,330.3,468620
1789497900,330.3,330.55,330.05,330.52,450978
1789498800,330.51,330.59,330.11,330.18,446278
1789499700,330.19,330.29,329.83,330.25,690937
1789500600,330.24,330.37,329.85,330.26,933354
1789501500,330.27,331.78,330.07,331.33,3499341
1789502400,331.34,331.75,330.54,331.73,335107
1789503300,331.68,331.74,331.4,331.53,8546
1789504200,331.54,331.7,331.34,331.59,15676
1789505100,331.69,331.78,331.61,331.72,6556
1789506000,331.73,331.73,331.66,331.7,9066
1789506900,331.64,331.71,331.63,331.63,3127
1789507800,331.61,331.65,331.59,331.63,3258
1789508700,331.63,331.65,331.6,331.63,2573
1789509600,331.7,331.89,331.7,331.7,13948
1789510500,331.58,331.85,331.58,331.71,2957
1789511400,331.72,331.87,331.66,331.82,11005
1789512300,331.84,331.9,331.75,331.86,7774
1789513200,331.87,331.88,331.7,331.88,3860
1789514100,331.75,331.88,331.75,331.88,1666
1789515000,331.79,332.1,331.79,332.01,16081
1789515900,332.09,332.1,331.9,332.0,4375
1789545600,331.79,331.82,330.91,331.19,40470
1789546500,331.29,331.93,331.19,331.46,7968
1789547400,331.53,331.53,331.15,331.27,5861
1789548300,331.23,331.39,331.23,331.39,918
1789549200,331.43,331.43,331.2,331.21,2168
1789550100,331.18,331.24,331.06,331.24,1334
1789551000,331.26,331.28,331.05,331.06,1461
1789551900,331.07,331.15,330.81,330.98,8351
1789552800,330.93,331.47,330.91,331.38,4109
1789553700,331.26,331.3,331.15,331.17,1841
1789554600,331.29,331.32,331.2,331.32,1105
1789555500,331.26,331.71,331.26,331.71,4134
1789556400,331.71,331.87,331.41,331.65,15414
1789557300,331.54,331.89,331.38,331.89,17543
1789558200,331.89,331.89,331.48,331.79,20340
1789559100,331.76,331.76,331.35,331.55,14043
1789560000,331.5,331.6,331.33,331.4,8288
1789560900,331.39,331.55,331.27,331.39,12260
1789561800,331.39,331.44,331.31,331.38,8585
1789562700,331.38,331.49,331.3,331.49,8872
1789563600,331.48,333.85,330.95,332.57,266225
1789564500,332.57,333.55,332.05,332.41,93173
1789565400,332.53,335.48,331.87,333.69,3435018
1789566300,333.69,334.97,332.25,334.12,2047570
1789567200,334.1,334.26,333.25,333.51,1056536
1789568100,333.53,333.83,332.71,333.27,905769
1789569000,333.29,334.28,333.19,333.92,860550
1789569900,333.9,334.13,333.49,334.03,510221
1789570800,334.03,334.07,333.45,333.67,554429
1789571700,333.69,333.77,332.28,332.7,710311
1789572600,332.7,333.14,332.58,333.14,577311
1789573500,333.13,333.57,332.49,332.78,681544
1789574400,332.78,333.46,332.67,332.82,421292
1789575300,332.82,332.97,332.33,332.72,872521
1789576200,332.71,332.88,332.28,332.84,529023
1789577100,332.84,332.98,332.33,332.62,429301
1789578000,332.62,332.98,332.38,332.89,369290
1789578900,332.9,333.28,332.81,333.26,407886
1789579800,333.26,333.45,333.0,333.15,556090
1789580700,333.15,333.42,333.03,333.32,515871
1789581600,333.34,334.33,333.08,334.1,1131462
1789582500,334.08,334.79,334.08,334.59,931072
1789583400,334.59,334.69,332.64,333.96,1239998
1789584300,333.92,334.28,332.05,332.11,1078653
1789585200,332.11,332.64,330.7,330.84,1274541
1789586100,330.83,331.69,330.77,331.61,1040126
1789587000,331.6,332.45,331.5,331.65,1048530
1789587900,331.64,332.6,331.59,332.5,2409872
1789588800,332.59,332.88,332.4,332.77,454094
1789589700,332.75,332.76,332.41,332.47,11211
1789590600,332.41,332.6,332.3,332.42,17818
1789591500,332.4,332.58,332.16,332.49,7371
1789592400,332.45,332.61,332.41,332.5,3966
1789593300,332.5,332.55,332.46,332.55,1795
1789594200,332.5,332.73,332.48,332.7,5710
1789595100,332.65,332.73,332.48,332.6,7077
1789596000,332.49,332.5,332.0,332.3,12871
1789596900,332.37,332.48,332.36,332.42,5117
1789597800,332.45,332.7,332.45,332.66,2882
1789598700,332.66,332.66,332.49,332.54,4490
1789599600,332.56,332.65,332.45,332.59,5543
1789600500,332.6,332.91,332.53,332.8,10090
1789601400,332.8,333.49,332.8,333.45,15914
1789602300,333.47,333.69,333.16,333.54,14676
